name,datetime,tempmax,tempmin,temp,feelslikemax,feelslikemin,feelslike,dew,humidity,precip,precipprob,precipcover,preciptype,snow,snowdepth,windgust,windspeed,winddir,sealevelpressure,cloudcover,visibility,solarradiation,solarenergy,uvindex,severerisk,sunrise,sunset,moonphase,conditions,description,icon,stations
rajasthan,2014-01-01,64.5,46.5,54.6,64.5,43.2,54.3,40.9,63.2,0,0,0,,0,0,14.5,8.6,16.1,1021.4,11,1.4,181.5,15.8,7,,2014-01-01T07:15:55,2014-01-01T17:44:37,0,Clear,Clear conditions throughout the day.,clear-day,"VIJP,remote,42348099999"
rajasthan,2014-01-02,68.1,39.3,52.7,68.1,39.3,52.7,32.1,53.1,0,0,0,,0,0,12.1,6.9,321.1,1020.7,0,1.6,187.1,16.2,7,,2014-01-02T07:16:10,2014-01-02T17:45:18,0.03,Clear,Clear conditions throughout the day.,clear-day,"remote,42348099999"
rajasthan,2014-01-03,66.3,38,53.9,66.3,34.4,53.4,34.6,51.4,0,0,0,,0,0,9.6,4.7,4.6,1018.8,35.4,1.6,149.8,13.1,6,,2014-01-03T07:16:25,2014-01-03T17:46:00,0.06,Partially cloudy,Partly cloudy throughout the day.,partly-cloudy-day,"remote,42348099999"
rajasthan,2014-01-04,66.2,51.9,58.2,66.2,51.9,58.2,48.1,69.7,0,0,0,,0,0,12.1,8.1,85.7,1015.8,50.4,1.4,144.4,12.6,6,,2014-01-04T07:16:38,2014-01-04T17:46:42,0.1,Partially cloudy,Partly cloudy throughout the day.,partly-cloudy-day,"VIJP,remote,42348099999"
rajasthan,2014-01-05,66.3,50.1,56.9,66.3,50.1,56.9,53.4,89.2,0,0,0,,0,0,11.4,5.8,271.8,1014.8,42.6,0.6,149.3,12.9,6,,2014-01-05T07:16:49,2014-01-05T17:47:25,0.13,Partially cloudy,Partly cloudy throughout the day.,fog,"VIJP,remote,42348099999"
rajasthan,2014-01-06,64.5,44.7,53.3,64.5,44.7,53.1,48.6,86.7,0,0,0,,0,0,9.8,4.9,103.8,1017,0,0.5,185.8,16.1,7,,2014-01-06T07:16:59,2014-01-06T17:48:08,0.16,Clear,Clear conditions throughout the day.,fog,"VIJP,remote,42348099999"
rajasthan,2014-01-07,68.1,42.9,54.4,68.1,42.9,54.2,38.6,63.2,0,0,0,,0,0,9.2,5.8,177.2,1018.4,0,1.1,182.8,15.8,7,,2014-01-07T07:17:08,2014-01-07T17:48:53,0.2,Clear,Clear conditions throughout the day.,clear-day,"VIJP,remote,42348099999"
rajasthan,2014-01-08,69.9,43.1,55.9,69.9,40.3,55.2,38.4,55.5,0,0,0,,0,0,19.5,10.3,103.6,1017.4,40.7,2,159.6,13.8,6,,2014-01-08T07:17:15,2014-01-08T17:49:37,0.25,Partially cloudy,Partly cloudy throughout the day.,partly-cloudy-day,"remote,42348099999"
rajasthan,2014-01-09,66.3,51.9,59,66.3,51.9,59,43.6,57.5,0.008,100,8.33,rain,0,0,19.2,10.3,73.1,1016.3,38.7,1.3,148,12.8,6,,2014-01-09T07:17:21,2014-01-09T17:50:22,0.26,"Rain, Partially cloudy",Partly cloudy throughout the day with early morning rain.,rain,"VIJP,remote,42348099999"
rajasthan,2014-01-10,64.5,46.5,54.2,64.5,43.9,54,43,67.6,0,0,0,,0,0,15,9.2,74.8,1016.2,1.3,0.6,182.6,15.6,7,,2014-01-10T07:17:25,2014-01-10T17:51:08,0.3,Clear,Clear conditions throughout the day.,fog,"remote,42348099999"
rajasthan,2014-01-11,66.3,46.3,54.6,66.3,43,53.4,38,57,0,0,0,,0,0,18.3,8.7,359.2,1019.1,2.5,2.2,189.9,16.6,7,,2014-01-11T07:17:27,2014-01-11T17:51:54,0.33,Clear,Clear conditions throughout the day.,clear-day,"VIJP,remote,42348099999"
rajasthan,2014-01-12,66.3,41.4,53.4,66.3,38.4,52.2,41.9,66.9,0,0,0,,0,0,12.1,6.9,45.4,1021.3,10.9,1.9,186.6,16.1,7,,2014-01-12T07:17:28,2014-01-12T17:52:40,0.37,Clear,Clear conditions throughout the day.,clear-day,"remote,42348099999"
rajasthan,2014-01-13,67,46.1,56,67,45,55.9,47.1,74.2,0,0,0,,0,0,13.6,9.2,109.2,1019.9,41.4,1.4,182.2,15.6,7,,2014-01-13T07:17:28,2014-01-13T17:53:27,0.4,Partially cloudy,Clearing in the afternoon.,partly-cloudy-day,"remote,42348099999"
rajasthan,2014-01-14,69.9,46.8,57.4,69.9,44.9,57.1,47,72.2,0,0,0,,0,0,13.9,8.1,98.6,1017.2,24.5,1.8,177.2,15.2,7,,2014-01-14T07:17:25,2014-01-14T17:54:14,0.43,Partially cloudy,Partly cloudy throughout the day.,partly-cloudy-day,"VIJP,remote,42348099999"
rajasthan,2014-01-15,69.9,49,56.3,69.9,47.1,56.1,47.4,74.3,0,0,0,,0,0,14.3,9.2,81.8,1018.3,13.8,1.4,179.3,15.3,7,,2014-01-15T07:17:22,2014-01-15T17:55:01,0.47,Clear,Clear conditions throughout the day.,clear-day,"remote,42348099999"
rajasthan,2014-01-16,66.2,42.9,53.1,66.2,42.9,52.9,45.5,79.1,0,0,0,,0,0,11.4,5.8,135.5,1019.6,36.8,0.8,170.7,14.7,7,,2014-01-16T07:17:17,2014-01-16T17:55:49,0.5,Partially cloudy,Partly cloudy throughout the day.,partly-cloudy-day,"VIJP,remote,42348099999"
rajasthan,2014-01-17,57.3,46.5,52.4,57.3,44.3,51.9,48.6,87.7,0,0,0,,0,0,20.4,13.9,99.4,1016.9,37.6,1,127.1,11,6,,2014-01-17T07:17:10,2014-01-17T17:56:36,0.54,Partially cloudy,Partly cloudy throughout the day.,partly-cloudy-day,"VIJP,remote,42348099999"
rajasthan,2014-01-18,64.5,47.2,54.4,64.5,44.7,53.8,47.8,81.2,0,0,0,,0,0,18.8,7.4,301.2,1018.4,41.8,1.2,169.4,14.8,7,,2014-01-18T07:17:02,2014-01-18T17:57:24,0.57,Partially cloudy,Partly cloudy throughout the day.,partly-cloudy-day,"remote,42348099999"
rajasthan,2014-01-19,64.5,46.4,53.8,64.5,42.9,53,48.5,84.7,0,0,0,,0,0,14.3,9.2,73.6,1023.7,19.6,1,179.8,15.7,7,,2014-01-19T07:16:52,2014-01-19T17:58:12,0.6,Clear,Clear conditions throughout the day.,clear-day,"VIJP,remote,42348099999"
rajasthan,2014-01-20,66.3,41.1,54.7,66.3,41.1,54.5,48.9,82.7,0,0,0,,0,0,17,13.9,93.2,1021.2,49.8,1.3,176.9,15.4,7,,2014-01-20T07:16:40,2014-01-20T17:59:00,0.64,Partially cloudy,Partly cloudy throughout the day.,partly-cloudy-day,"VIJP,remote,42348099999"
rajasthan,2014-01-21,59.1,55.3,57.4,59.1,55.3,57.4,55.9,94.9,0.315,100,12.5,rain,0,0,20.8,11.4,89.6,1019.4,84.2,0.9,53.6,4.7,3,,2014-01-21T07:16:28,2014-01-21T17:59:48,0.67,"Rain, Partially cloudy",Partly cloudy throughout the day with rain in the morning and afternoon.,rain,"VIJP,remote,42348099999"
rajasthan,2014-01-22,62.7,57.3,59.3,62.7,57.3,59.3,59,98.9,0.217,100,8.33,rain,0,0,15,7.4,123.5,1019.1,93.3,1.5,54.7,4.6,3,,2014-01-22T07:16:13,2014-01-22T18:00:36,0.71,"Rain, Overcast",Cloudy skies throughout the day with rain in the morning and afternoon.,rain,"VIJP,remote,42348099999"
rajasthan,2014-01-23,68.1,52.1,59.9,68.1,52.1,59.9,56.5,89.4,0,0,0,,0,0,12.5,6.9,97.8,1020.3,65.5,1.3,144.8,12.4,5,,2014-01-23T07:15:57,2014-01-23T18:01:24,0.74,Partially cloudy,Partly cloudy throughout the day.,partly-cloudy-day,"VIJP,remote,42348099999"
rajasthan,2014-01-24,68,49.9,56.9,68,49.9,56.9,53.6,90.3,0,0,0,,0,0,10.7,6.4,358.2,1019.6,48,0.9,158.5,13.5,6,,2014-01-24T07:15:40,2014-01-24T18:02:12,0.75,Partially cloudy,Partly cloudy throughout the day.,partly-cloudy-day,"VIJP,remote,42348099999"
rajasthan,2014-01-25,68.1,50.1,57.6,68.1,50.1,57.6,53.1,86.6,0,0,0,,0,0,11.6,6.9,213.9,1019.8,37.5,1.2,189,16.2,7,,2014-01-25T07:15:21,2014-01-25T18:02:59,0.81,Partially cloudy,Partly cloudy throughout the day.,partly-cloudy-day,"VIJP,remote,42348099999"
rajasthan,2014-01-26,71.7,46.5,58.8,71.7,45.4,58.6,49.4,75.5,0,0,0,,0,0,10.7,8.1,351.6,1019.8,15,1.8,200.9,17.3,7,,2014-01-26T07:15:01,2014-01-26T18:03:47,0.84,Clear,Clear conditions throughout the day.,clear-day,"VIJP,remote,42348099999"
rajasthan,2014-01-27,75.3,47.7,61.4,75.3,46.6,61.4,49.1,70.5,0,0,0,,0,0,11.9,6.9,12.3,1020.4,14.6,1.6,203.2,17.7,7,,2014-01-27T07:14:39,2014-01-27T18:04:35,0.88,Clear,Clear conditions throughout the day.,clear-day,"VIJP,remote,42348099999"
rajasthan,2014-01-28,77.1,50.1,63.5,77.1,50.1,63.5,44.3,57.2,0,0,0,,0,0,13.9,8.1,304.6,1018.6,61.2,1.7,201.2,17.4,8,,2014-01-28T07:14:15,2014-01-28T18:05:22,0.91,Partially cloudy,Partly cloudy throughout the day.,partly-cloudy-day,"VIJP,remote,42348099999"
rajasthan,2014-01-29,75.3,50.1,63.2,75.3,50.1,63.2,45.4,56.4,0,0,0,,0,0,11.2,8.1,171.6,1017.9,30.1,2.4,203.2,17.6,7,,2014-01-29T07:13:51,2014-01-29T18:06:09,0.94,Partially cloudy,Clearing in the afternoon.,partly-cloudy-day,"VIJP,remote,42348099999"
rajasthan,2014-01-30,77.1,53.7,63.8,77.1,53.7,63.8,49.9,64.8,0,0,0,,0,0,11,6.9,116.8,1019.3,5,1.9,202,17.4,7,,2014-01-30T07:13:24,2014-01-30T18:06:56,0.98,Clear,Clear conditions throughout the day.,clear-day,"VIJP,remote,42348099999"
rajasthan,2014-01-31,75.3,51.8,63.2,75.3,51.8,63.2,52.3,72,0,0,0,,0,0,11.2,8.1,142.8,1019.1,14.7,1.8,203.1,17.4,7,,2014-01-31T07:12:57,2014-01-31T18:07:43,0,Clear,Clear conditions throughout the day.,clear-day,"VIJP,remote,42348099999"
rajasthan,2014-02-01,71.7,49.9,59.6,71.7,47.1,59.5,52.6,79.9,0,0,0,,0,0,14.3,6.9,116.2,1019.3,29.2,1.2,202.8,17.5,7,,2014-02-01T07:12:28,2014-02-01T18:08:29,0.05,Partially cloudy,Clearing in the afternoon.,partly-cloudy-day,"VIJP,remote,42348099999"
rajasthan,2014-02-02,75.3,50.3,61.1,75.3,50.3,61.1,50.4,72.6,0,0,0,,0,0,11.2,6.9,141.3,1018,55.3,1.7,193.4,16.8,7,,2014-02-02T07:11:58,2014-02-02T18:09:15,0.08,Partially cloudy,Partly cloudy throughout the day.,partly-cloudy-day,"VIJP,remote,42348099999"
rajasthan,2014-02-03,77.1,51.9,64.3,77.1,51.9,64.3,53.4,70.8,0,0,0,,0,0,17,8.1,182.6,1014.8,48.5,1.9,194.4,16.8,7,,2014-02-03T07:11:26,2014-02-03T18:10:01,0.11,Partially cloudy,Partly cloudy throughout the day.,partly-cloudy-day,"remote,42348099999"
rajasthan,2014-02-04,80.7,55.8,69.5,79.3,55.8,69.4,49.6,54.2,0,0,0,,0,0,14.3,10.3,305.9,1012.3,35.1,2.4,205.8,17.9,8,,2014-02-04T07:10:53,2014-02-04T18:10:47,0.14,Partially cloudy,Partly cloudy throughout the day.,partly-cloudy-day,"remote,42348099999"
rajasthan,2014-02-05,80.7,55.7,68.1,79.6,55.7,67.9,52.2,61.1,0,0,0,,0,0,16.6,11.4,336.4,1011.8,35.9,2.1,200,17.3,8,,2014-02-05T07:10:19,2014-02-05T18:11:32,0.18,Partially cloudy,Partly cloudy throughout the day.,partly-cloudy-day,"remote,42348099999"
rajasthan,2014-02-06,80.7,61.4,69.7,80.6,61.4,69.6,56,63.3,0.008,100,4.17,rain,0,0,21,10.3,104.8,1011.5,43.7,2.1,199.1,17.1,7,,2014-02-06T07:09:43,2014-02-06T18:12:17,0.21,"Rain, Partially cloudy",Partly cloudy throughout the day with late afternoon rain.,rain,"VIJP,remote,42348099999"
rajasthan,2014-02-07,77.1,59.1,68.6,77.1,59.1,68.6,53.7,62.3,0,0,0,,0,0,25.9,20.8,286.8,1010.3,42.7,1.9,206.4,17.9,8,,2014-02-07T07:09:06,2014-02-07T18:13:01,0.25,Partially cloudy,Partly cloudy throughout the day.,partly-cloudy-day,"VIJP,remote,42348099999"
rajasthan,2014-02-08,71.7,53.6,63.7,71.7,53.6,63.7,46.2,57.3,0,0,0,,0,0,16.3,10.3,327.3,1011.2,14.9,2,214.8,18.4,8,,2014-02-08T07:08:28,2014-02-08T18:13:45,0.28,Clear,Clear conditions throughout the day.,clear-day,"VIJP,remote,42348099999"
rajasthan,2014-02-09,68.1,50.1,59.4,68.1,50.1,59.4,38.7,50.2,0,0,0,,0,0,16.3,7.2,331,1012.4,0,2.2,225.1,19.5,8,,2014-02-09T07:07:49,2014-02-09T18:14:29,0.31,Clear,Clear conditions throughout the day.,clear-day,"VIJP,remote,42348099999"
rajasthan,2014-02-10,68.1,45.6,57,68.1,43.6,56.8,36,48.5,0,0,0,,0,0,12.5,8.1,117.9,1012.5,36.1,2.1,197.5,17.1,8,,2014-02-10T07:07:08,2014-02-10T18:15:12,0.34,Partially cloudy,Partly cloudy throughout the day.,partly-cloudy-day,"VIJP,remote,42348099999"
rajasthan,2014-02-11,71.7,48.3,60.1,71.7,47.4,60.1,36.8,44.3,0,0,0,,0,0,14.3,9.2,88.9,1013,35.9,2,221.3,19,8,,2014-02-11T07:06:26,2014-02-11T18:15:55,0.38,Partially cloudy,Partly cloudy throughout the day.,partly-cloudy-day,"VIJP,remote,42348099999"
rajasthan,2014-02-12,71.7,50.1,61.2,71.7,50.1,61.2,36.8,43.3,0,0,0,,0,0,13.2,6.9,44.3,1013.9,18.6,2.1,226.7,19.6,8,,2014-02-12T07:05:43,2014-02-12T18:16:38,0.41,Clear,Clear conditions throughout the day.,clear-day,"VIJP,remote,42348099999"
rajasthan,2014-02-13,69.9,53,60.5,69.9,53,60.5,38.6,45.1,0,0,0,,0,0,21.3,15,94.8,1013,31.6,1.6,187.4,16.2,7,,2014-02-13T07:04:59,2014-02-13T18:17:20,0.44,Partially cloudy,Partly cloudy throughout the day.,partly-cloudy-day,"VIJP,remote,42348099999"
rajasthan,2014-02-14,69.9,53.1,60.3,69.9,53.1,60.3,48.6,66.7,0.008,100,4.17,rain,0,0,19.9,10.3,106.7,1011.2,53.2,1.6,183.2,15.6,7,,2014-02-14T07:04:14,2014-02-14T18:18:02,0.48,"Rain, Partially cloudy",Partly cloudy throughout the day with morning rain.,rain,"VIJP,remote,42348099999"
rajasthan,2014-02-15,73.5,47.7,59.5,73.5,46.8,59.5,43.4,63.4,0.004,100,4.17,rain,0,0,18.3,13.9,90.5,1011.6,42.1,1.7,219.5,19,8,,2014-02-15T07:03:28,2014-02-15T18:18:43,0.5,"Rain, Partially cloudy",Partly cloudy throughout the day with afternoon rain.,rain,"VIJP,remote,42348099999"
rajasthan,2014-02-16,69.9,53.7,61.5,69.9,53.7,61.5,41.1,49.7,0,0,0,,0,0,14.5,12.2,60.1,1015.3,41.9,1.8,216.9,18.7,8,,2014-02-16T07:02:41,2014-02-16T18:19:24,0.54,Partially cloudy,Partly cloudy throughout the day.,partly-cloudy-day,"VIJP,remote,42348099999"
rajasthan,2014-02-17,71.7,48.3,59.3,71.7,48.3,59.3,36.2,49.9,0,0,0,,0,0,19.2,10.3,325.9,1019,9.8,1.9,239.9,20.9,8,,2014-02-17T07:01:53,2014-02-17T18:20:04,0.58,Clear,Clear conditions throughout the day.,clear-day,"VIJP,remote,42348099999"
rajasthan,2014-02-18,77.1,48.3,63.2,77.1,46,63,30.4,34.3,0,0,0,,0,0,14.1,8.1,317.6,1018.8,0,2,241.7,20.9,9,,2014-02-18T07:01:03,2014-02-18T18:20:44,0.61,Clear,Clear conditions throughout the day.,clear-day,"VIJP,remote,42348099999"
rajasthan,2014-02-19,77.1,51.8,63.9,77.1,51.8,63.9,34.9,36.3,0,0,0,,0,0,16.8,9.2,117,1017,28.2,2.2,229.1,19.8,8,,2014-02-19T07:00:13,2014-02-19T18:21:24,0.65,Partially cloudy,Partly cloudy throughout the day.,partly-cloudy-day,"VIJP,remote,42348099999"
rajasthan,2014-02-20,77.1,58.1,67.1,77.1,58.1,67.1,41.2,40,0,0,0,,0,0,17,11.4,102.6,1014.5,39.6,2.2,235.5,20.4,8,,2014-02-20T06:59:22,2014-02-20T18:22:03,0.68,Partially cloudy,Partly cloudy throughout the day.,partly-cloudy-day,"VIJP,remote,42348099999"
rajasthan,2014-02-21,64.5,57.3,62.3,64.5,57.3,62.3,53.5,74.5,0.008,100,4.17,rain,0,0,24.6,15,92.6,1014.4,67.3,1.4,182.3,15.7,7,,2014-02-21T06:58:30,2014-02-21T18:22:42,0.72,"Rain, Partially cloudy",Partly cloudy throughout the day with morning rain.,rain,"VIJP,remote,42348099999"
rajasthan,2014-02-22,75.3,53.7,62.9,75.3,53.7,62.9,56.7,82.9,0.039,100,4.17,rain,0,0,13.6,9.2,97.7,1016.4,49,1.2,153.4,13.3,7,,2014-02-22T06:57:37,2014-02-22T18:23:20,0.75,"Rain, Partially cloudy",Partly cloudy throughout the day with late afternoon rain.,rain,"VIJP,remote,42348099999"
rajasthan,2014-02-23,71.7,58.4,64.7,71.7,58.4,64.7,57.3,79.3,0,0,0,,0,0,11.9,6.9,69.1,1019.5,53.4,1.5,218.1,18.9,8,,2014-02-23T06:56:43,2014-02-23T18:23:58,0.79,Partially cloudy,Partly cloudy throughout the day.,partly-cloudy-day,"VIJP,remote,42348099999"
rajasthan,2014-02-24,75.3,55.4,65,75.3,55.4,65,51.3,63.8,0,0,0,,0,0,11.6,6.9,130.5,1019.5,55.3,1.6,238.2,20.5,8,,2014-02-24T06:55:49,2014-02-24T18:24:35,0.82,Partially cloudy,Partly cloudy throughout the day.,partly-cloudy-day,"VIJP,remote,42348099999"
rajasthan,2014-02-25,73.5,58.2,65.8,73.5,58.2,65.8,54.8,68.4,0.079,100,4.17,rain,0,0,15,10.3,91.7,1017.5,57.9,1.2,203.5,17.7,8,,2014-02-25T06:54:53,2014-02-25T18:25:12,0.86,"Rain, Partially cloudy",Partly cloudy throughout the day with early morning rain.,rain,"VIJP,remote,42348099999"
rajasthan,2014-02-26,75.3,60.9,66.4,75.3,60.9,66.4,56.5,71.1,0.472,100,4.17,rain,0,0,16.1,12.8,94.3,1014.7,55,1.6,188,16.3,8,,2014-02-26T06:53:57,2014-02-26T18:25:49,0.89,"Rain, Partially cloudy",Partly cloudy throughout the day with late afternoon rain.,rain,"remote,42348099999"
rajasthan,2014-02-27,77.1,57.3,66.2,77.1,57.3,66.2,58.2,77.6,0,0,0,,0,0,14.3,12.8,104.5,1013.3,28.8,1.4,207,17.9,8,,2014-02-27T06:53:00,2014-02-27T18:26:25,0.93,Partially cloudy,Clearing in the afternoon.,partly-cloudy-day,"VIJP,remote,42348099999"
rajasthan,2014-02-28,69.9,56.2,62.3,69.9,56.2,62.3,55.7,80.3,0.393,100,8.33,rain,0,0,15.4,17.2,68.6,1012.8,60.5,1.6,151.3,13,7,,2014-02-28T06:52:03,2014-02-28T18:27:01,0.96,"Rain, Partially cloudy",Partly cloudy throughout the day with rain in the morning and afternoon.,rain,"VIJP,remote,42348099999"
rajasthan,2014-03-01,71.7,53.6,61.6,71.7,53.6,61.6,51.6,74.2,0.197,100,4.17,rain,0,0,13.4,6.9,303.9,1015,52.8,1.7,182.6,15.8,7,,2014-03-01T06:51:04,2014-03-01T18:27:37,0,"Rain, Partially cloudy",Partly cloudy throughout the day with early morning rain.,rain,"VIJP,remote,42348099999"
rajasthan,2014-03-02,73.5,53.1,63.1,73.5,53.1,63.1,48.4,64.8,0,0,0,,0,0,13,9.2,354.1,1017.6,48.3,1.8,239.7,20.7,9,,2014-03-02T06:50:05,2014-03-02T18:28:12,0.03,Partially cloudy,Partly cloudy throughout the day.,partly-cloudy-day,"VIJP,remote,42348099999"
rajasthan,2014-03-03,75.3,53.5,64.4,75.3,53.5,64.4,46.2,55.3,0,0,0,,0,0,15,6.9,177.2,1017.4,43.6,1.6,247.6,21.4,9,,2014-03-03T06:49:06,2014-03-03T18:28:47,0.06,Partially cloudy,Partly cloudy throughout the day.,partly-cloudy-day,"VIJP,remote,42348099999"
rajasthan,2014-03-04,77.1,57.3,67.3,77.1,57.3,67.3,45.7,49.6,0,0,0,,0,0,12.1,5.8,147.8,1017.3,63.4,1.8,239.4,20.6,9,,2014-03-04T06:48:06,2014-03-04T18:29:21,0.1,Partially cloudy,Partly cloudy throughout the day.,partly-cloudy-day,"VIJP,remote,42348099999"
rajasthan,2014-03-05,80.7,60.8,70,79.3,60.8,70,47,46.1,0,0,0,,0,0,16.6,10.3,122.4,1016.8,37.6,1.8,243.3,20.9,9,,2014-03-05T06:47:05,2014-03-05T18:29:55,0.13,Partially cloudy,Partly cloudy throughout the day.,partly-cloudy-day,"VIJP,remote,42348099999"
rajasthan,2014-03-06,78.9,57.3,69,78.9,57.3,69,48.2,49.9,0,0,0,,0,0,16.3,10.3,86,1016.8,30.2,2.1,223.8,19.4,9,,2014-03-06T06:46:04,2014-03-06T18:30:29,0.16,Partially cloudy,Partly cloudy throughout the day.,partly-cloudy-day,"VIJP,remote,42348099999"
rajasthan,2014-03-07,80.7,59.1,70.3,79.4,59.1,70.1,47.7,48.7,0,0,0,,0,0,11.6,6.9,54.3,1017.8,10,2,261.4,22.6,9,,2014-03-07T06:45:02,2014-03-07T18:31:03,0.19,Clear,Clear conditions throughout the day.,clear-day,"remote,42348099999"
rajasthan,2014-03-08,82.5,57.1,71.8,80.4,57.1,71.4,45.2,40.8,0,0,0,,0,0,10.7,8.1,51.9,1018.5,10,2.1,260.3,22.6,9,,2014-03-08T06:44:00,2014-03-08T18:31:36,0.25,Clear,Clear conditions throughout the day.,clear-day,"VIJP,remote,42348099999"
rajasthan,2014-03-09,84.2,60.5,73.8,81.7,60.5,73.2,48.6,44.2,0,0,0,,0,0,18.1,6.9,136.5,1016,24.6,1.9,244.3,21,9,,2014-03-09T06:42:57,2014-03-09T18:32:09,0.26,Partially cloudy,Partly cloudy throughout the day.,partly-cloudy-day,"VIJP,remote,42348099999"
rajasthan,2014-03-10,84.3,62.7,73,82.3,62.7,72.6,51.9,50.1,0.039,100,4.17,rain,0,0,20.6,16.1,115.2,1014.1,41.9,1.8,233.7,20.2,9,,2014-03-10T06:41:54,2014-03-10T18:32:41,0.29,"Rain, Partially cloudy",Partly cloudy throughout the day with late afternoon rain.,rain,"VIJP,remote,42348099999"
rajasthan,2014-03-11,82.5,62.3,70.3,81.8,62.3,70.3,56.5,63.8,0,0,0,,0,0,25.3,12.8,123.9,1013.6,53.9,2,238.4,20.5,9,,2014-03-11T06:40:50,2014-03-11T18:33:14,0.32,Partially cloudy,Partly cloudy throughout the day.,partly-cloudy-day,"VIJP,remote,42348099999"
rajasthan,2014-03-12,80.7,60.8,71,78.9,60.8,70.9,47.9,50.6,0,0,0,,0,0,21,9.2,18,1016.7,46.2,2,263,22.6,9,,2014-03-12T06:39:46,2014-03-12T18:33:46,0.36,Partially cloudy,Partly cloudy throughout the day.,partly-cloudy-day,"VIJP,remote,42348099999"
rajasthan,2014-03-13,80.7,58,70.6,78.9,58,70.3,41.9,42.9,0,0,0,,0,0,15,9.2,0.1,1017.5,13.8,2.5,272,23.7,9,,2014-03-13T06:38:42,2014-03-13T18:34:18,0.39,Clear,Clear conditions throughout the day.,clear-day,"VIJP,remote,42348099999"
rajasthan,2014-03-14,84.3,57.3,71.1,81.3,57.3,70.5,39.9,37,0,0,0,,0,0,13.4,5.8,315.2,1016.5,0,2.2,277.7,24,9,,2014-03-14T06:37:37,2014-03-14T18:34:49,0.42,Clear,Clear conditions throughout the day.,clear-day,"VIJP,remote,42348099999"
rajasthan,2014-03-15,87.9,66.3,75.7,84.2,66.3,74.7,43.6,34.6,0,0,0,,0,0,14.1,8.1,99.3,1017.2,2.7,2.3,276.2,23.9,9,,2014-03-15T06:36:33,2014-03-15T18:35:21,0.45,Clear,Clear conditions throughout the day.,clear-day,"remote,42348099999"
rajasthan,2014-03-16,91.5,62.7,77.7,87.4,62.7,76.5,47,37.5,0,0,0,,0,0,13,8.1,117.7,1017.5,7.1,2.4,273.2,23.8,9,,2014-03-16T06:35:28,2014-03-16T18:35:52,0.5,Clear,Clear conditions throughout the day.,clear-day,"remote,42348099999"
rajasthan,2014-03-17,93.6,68.8,81.3,91.3,68.8,79.7,48.3,34.7,0,0,0,,0,0,24.8,12.8,194.9,1014,22.2,2.6,270.2,23.3,9,,2014-03-17T06:34:22,2014-03-17T18:36:23,0.52,Partially cloudy,Partly cloudy throughout the day.,partly-cloudy-day,"remote,42348099999"
rajasthan,2014-03-18,86.1,72.2,79,82.9,72.2,77.8,44.4,32,0,0,0,,0,0,23.5,10.7,296.1,1014.1,11.6,3,280.2,24.2,9,,2014-03-18T06:33:17,2014-03-18T18:36:54,0.56,Clear,Clear conditions throughout the day.,clear-day,"remote,42348099999"
rajasthan,2014-03-19,86.1,62.3,76.4,82.8,62.3,75.5,42.2,32.1,0,0,0,,0,0,16.3,8.1,325.1,1015.4,7.5,2.9,281.7,24.3,9,,2014-03-19T06:32:11,2014-03-19T18:37:24,0.59,Clear,Clear conditions throughout the day.,clear-day,"VIJP,remote,42348099999"
rajasthan,2014-03-20,89.6,60.2,76.8,85.6,60.2,75.6,40.1,29.8,0,0,0,,0,0,16.8,10.3,323.9,1012.7,45.7,2.9,279.3,24,9,,2014-03-20T06:31:05,2014-03-20T18:37:55,0.63,Partially cloudy,Partly cloudy throughout the day.,partly-cloudy-day,"VIJP,remote,42348099999"
rajasthan,2014-03-21,89.7,63.9,78.5,85.6,63.9,77,41.2,29.8,0,0,0,,0,0,21,10.3,151.2,1008.7,27,3,279.6,24.1,9,,2014-03-21T06:29:59,2014-03-21T18:38:25,0.66,Partially cloudy,Partly cloudy throughout the day.,partly-cloudy-day,"VIJP,remote,42348099999"
rajasthan,2014-03-22,91.5,65.9,80,87.3,65.9,78.2,42.4,28.6,0,0,0,,0,0,20.4,11.4,313.2,1007.6,12.4,2.9,281.2,24.3,9,,2014-03-22T06:28:53,2014-03-22T18:38:55,0.7,Clear,Clear conditions throughout the day.,clear-day,"VIJP,remote,42348099999"
rajasthan,2014-03-23,93.3,73.5,80.9,89.7,73.5,80,53,40.1,0.039,100,4.17,rain,0,0,19.2,18.3,99.1,1010.2,40.5,2.4,262.4,22.6,9,,2014-03-23T06:27:47,2014-03-23T18:39:26,0.73,"Rain, Partially cloudy",Partly cloudy throughout the day with late afternoon rain.,rain,"remote,42348099999"
rajasthan,2014-03-24,87.9,68.1,75.3,86.7,68.1,75.1,57.7,56.2,0.433,100,4.17,rain,0,0,27.7,19.7,98.4,1011.5,42.4,2,259.3,22.3,9,,2014-03-24T06:26:41,2014-03-24T18:39:56,0.75,"Rain, Partially cloudy",Partly cloudy throughout the day with late afternoon rain.,rain,"remote,42348099999"
rajasthan,2014-03-25,87.9,68.1,77.7,87.2,68.1,77.4,59.7,56.9,0,0,0,,0,0,18.1,13.9,99,1011.8,26.1,2.3,257.3,22.3,9,,2014-03-25T06:25:35,2014-03-25T18:40:26,0.8,Partially cloudy,Partly cloudy throughout the day.,partly-cloudy-day,"remote,42348099999"
rajasthan,2014-03-26,89.7,68.1,80,87.5,68.1,79.8,59,50.3,0,0,0,,0,0,17.4,10.3,64.4,1011.5,53.9,2.3,223.6,19.3,8,,2014-03-26T06:24:29,2014-03-26T18:40:56,0.84,Partially cloudy,Partly cloudy throughout the day.,partly-cloudy-day,"remote,42348099999"
rajasthan,2014-03-27,89.7,73.5,79.6,87.9,73.5,79.3,57.6,47.9,0,0,0,,0,0,16.1,12.8,65.9,1012.5,52.6,2.4,224,19.3,9,,2014-03-27T06:23:23,2014-03-27T18:41:25,0.88,Partially cloudy,Partly cloudy throughout the day.,partly-cloudy-day,"remote,42348099999"
rajasthan,2014-03-28,93.3,73.5,81.1,89.7,73.5,80.1,55.2,43.5,0,0,0,,0,0,26.8,12.8,103.6,1012.1,51.7,2.1,211.1,18.2,8,,2014-03-28T06:22:17,2014-03-28T18:41:55,0.91,Partially cloudy,Partly cloudy throughout the day.,partly-cloudy-day,"VIJP,remote,42348099999"
rajasthan,2014-03-29,91.5,67.9,80.9,88.5,67.9,79.8,54.7,43.4,0,0,0,,0,0,16.1,9.2,45.8,1012.5,47.4,2.3,245.7,21.3,9,,2014-03-29T06:21:11,2014-03-29T18:42:25,0.95,Partially cloudy,Partly cloudy throughout the day.,partly-cloudy-day,"remote,42348099999"
rajasthan,2014-03-30,87.9,69.2,79.7,84.6,69.2,78.4,49.3,37.3,0,0,0,,0,0,19.7,10.3,14.4,1012.4,39.5,2.4,264.3,22.6,9,,2014-03-30T06:20:05,2014-03-30T18:42:55,0.98,Partially cloudy,Partly cloudy throughout the day.,partly-cloudy-day,"VIJP,remote,42348099999"
rajasthan,2014-03-31,89.7,69.9,80.1,85.9,69.9,78.6,43.9,29.5,0,0,0,,0,0,21.3,9.2,312.6,1010.9,35.2,2.5,289.2,25.1,9,,2014-03-31T06:19:00,2014-03-31T18:43:24,0,Partially cloudy,Partly cloudy throughout the day.,partly-cloudy-day,"VIJP,remote,42348099999"
rajasthan,2014-04-01,93.3,66.3,81.4,89.1,66.3,79.7,44.9,30,0,0,0,,0,0,17.7,8.1,122.7,1008.7,35.1,2.2,289.3,24.7,10,,2014-04-01T06:17:54,2014-04-01T18:43:54,0.05,Partially cloudy,Partly cloudy throughout the day.,partly-cloudy-day,"remote,42348099999"
rajasthan,2014-04-02,95.1,71.7,84.8,90.8,71.7,82.6,43.9,24.9,0,0,0,,0,0,24.6,18.3,272.3,1007.4,38.8,2,293.5,25.4,10,,2014-04-02T06:16:49,2014-04-02T18:44:24,0.08,Partially cloudy,Partly cloudy throughout the day.,partly-cloudy-day,"VIJP,42348099999"
rajasthan,2014-04-03,91.5,71,82.4,87.5,71,80.6,46.3,30.6,0,0,0,,0,0,16.8,10.3,19,1011.9,14.6,2.5,300.2,26,10,,2014-04-03T06:15:44,2014-04-03T18:44:54,0.11,Clear,Clear conditions throughout the day.,clear-day,"VIJP,remote,42348099999"
rajasthan,2014-04-04,96.9,69.9,83.5,92.3,69.9,81.6,46.9,30.9,0,0,0,,0,0,16.6,10.3,322.3,1012.3,12.5,2.5,292.9,25.7,9,,2014-04-04T06:14:39,2014-04-04T18:45:23,0.14,Clear,Clear conditions throughout the day.,clear-day,"VIJP,remote,42348099999"
rajasthan,2014-04-05,98.7,73.4,86.8,94.2,73.4,84.5,48.6,29.6,0,0,0,,0,0,17.2,8.1,120.1,1011.1,12.3,2.2,296.5,25.8,10,,2014-04-05T06:13:35,2014-04-05T18:45:53,0.18,Clear,Clear conditions throughout the day.,clear-day,"VIJP,remote,42348099999"
rajasthan,2014-04-06,96.9,75.3,86.8,92.1,75.3,84.4,45.8,28.5,0,0,0,,0,0,18.6,11.4,270.3,1010,35,2.2,288.1,24.8,10,,2014-04-06T06:12:31,2014-04-06T18:46:23,0.21,Partially cloudy,Partly cloudy throughout the day.,partly-cloudy-day,"VIJP,remote,42348099999"
rajasthan,2014-04-07,95.1,74.4,85.4,92.4,74.4,83.7,50.2,30.8,0,0,0,,0,0,27.5,13.9,316.4,1010.9,31,2.3,276.2,24,9,,2014-04-07T06:11:27,2014-04-07T18:46:53,0.25,Partially cloudy,Partly cloudy throughout the day.,partly-cloudy-day,"VIJP,remote,42348099999"
rajasthan,2014-04-08,89.7,71.6,81.4,85.7,71.6,79.7,45.7,33.6,0,0,0,,0,0,18.1,11.4,345.9,1012.8,0,2.7,311.6,26.9,10,,2014-04-08T06:10:23,2014-04-08T18:47:23,0.27,Clear,Clear conditions throughout the day.,clear-day,"VIJP,remote,42348099999"
rajasthan,2014-04-09,93.3,68.1,82.2,88.7,68.1,80.2,36.3,22.8,0,0,0,,0,0,19,10.3,326.4,1012.5,0,2.5,310.8,26.9,10,,2014-04-09T06:09:20,2014-04-09T18:47:53,0.31,Clear,Clear conditions throughout the day.,clear-day,"VIJP,remote,42348099999"
rajasthan,2014-04-10,95,65.9,83.1,90.1,65.9,80.9,33.2,19.1,0,0,0,,0,0,17,10.3,309.3,1012.8,0.7,2.7,310.7,26.9,10,,2014-04-10T06:08:18,2014-04-10T18:48:23,0.34,Clear,Clear conditions throughout the day.,clear-day,"VIJP,remote,42348099999"
rajasthan,2014-04-11,96.9,70.7,85.3,91.7,70.7,82.6,35,18.8,0,0,0,,0,0,16.3,8.1,104.2,1011.3,0.8,2.1,310.7,26.8,10,,2014-04-11T06:07:16,2014-04-11T18:48:54,0.37,Clear,Clear conditions throughout the day.,clear-day,"VIJP,remote,42348099999"
rajasthan,2014-04-12,98.7,70.6,86.2,93.2,70.6,83.4,34.3,18.2,0,0,0,,0,0,19.7,8.1,199.7,1009.5,25.4,2.2,306.7,26.4,10,,2014-04-12T06:06:14,2014-04-12T18:49:24,0.4,Partially cloudy,Partly cloudy throughout the day.,partly-cloudy-day,"VIJP,remote,42348099999"
rajasthan,2014-04-13,100.5,78.3,87.9,95.5,78.3,84.9,39.7,19.2,0,0,0,,0,0,21.3,16.1,43.8,1009.3,50.4,2,286.6,24.8,10,,2014-04-13T06:05:13,2014-04-13T18:49:55,0.43,Partially cloudy,Partly cloudy throughout the day.,partly-cloudy-day,"VIJP,remote,42348099999"
rajasthan,2014-04-14,95.3,77,85.6,91.5,77,83.5,47.1,27.4,0,0,0,,0,0,29.1,16.1,106.2,1011.8,42.1,1.8,289,24.9,10,,2014-04-14T06:04:12,2014-04-14T18:50:25,0.47,Partially cloudy,Partly cloudy throughout the day.,partly-cloudy-day,"VIJP,remote,42348099999"
rajasthan,2014-04-15,100.5,77,89.1,95.9,77,86.3,44.1,23.2,0,0,0,,0,0,17.4,9.2,69.2,1011.3,39.5,1.9,306,26.4,10,,2014-04-15T06:03:12,2014-04-15T18:50:56,0.5,Partially cloudy,Partly cloudy throughout the day.,partly-cloudy-day,"VIJP,remote,42348099999"
rajasthan,2014-04-16,94,78.9,85,91.6,78.9,83.3,50,30.3,0.028,100,4.17,rain,0,0,22.6,20.8,74.8,1010,53.3,1.8,295.5,25.6,10,,2014-04-16T06:02:12,2014-04-16T18:51:27,0.53,"Rain, Partially cloudy",Partly cloudy throughout the day with late afternoon rain.,rain,"remote,42348099999"
rajasthan,2014-04-17,93.3,73.4,82.5,91.5,73.4,82.2,58.5,45.6,0.197,100,8.33,rain,0,0,27.1,13,157.5,1007.8,45.4,1.9,274.5,23.7,9,,2014-04-17T06:01:13,2014-04-17T18:51:58,0.57,"Rain, Partially cloudy",Partly cloudy throughout the day with early morning rain.,rain,"VIJP,remote,42348099999"
rajasthan,2014-04-18,87.9,71.7,79.6,87.2,71.7,79.2,58.5,50.3,0.039,100,4.17,rain,0,0,24.4,15.6,74.9,1011.2,53.6,2.2,222.5,19.1,7,,2014-04-18T06:00:15,2014-04-18T18:52:29,0.61,"Rain, Partially cloudy",Partly cloudy throughout the day with early morning rain.,rain,"VIJP,remote,42348099999"
rajasthan,2014-04-19,87.9,68.1,78.6,85.8,68.1,78.1,59.1,54.3,0.197,100,8.33,rain,0,0,17.9,7.4,264.9,1013,58.9,2.1,301,25.8,10,,2014-04-19T05:59:17,2014-04-19T18:53:00,0.64,"Rain, Partially cloudy",Partly cloudy throughout the day with rain clearing later.,rain,"VIJP,remote,42348099999"
rajasthan,2014-04-20,93.3,69.9,82.6,89.4,69.9,81,51.4,38.7,0,0,0,,0,0,14.3,11.4,357.4,1012.5,41.3,2.3,295.6,25.3,10,,2014-04-20T05:58:20,2014-04-20T18:53:32,0.68,Partially cloudy,Partly cloudy throughout the day.,partly-cloudy-day,"VIJP,remote,42348099999"
rajasthan,2014-04-21,95.1,75.2,85.6,90.5,75.2,83.4,46.9,29,0,0,0,,0,0,17.2,6.9,47.6,1012.5,40,2.4,295.4,25.4,9,,2014-04-21T05:57:24,2014-04-21T18:54:03,0.71,Partially cloudy,Partly cloudy throughout the day.,partly-cloudy-day,"VIJP,remote,42348099999"
rajasthan,2014-04-22,96.7,75.2,83.9,92.5,75.2,82.2,48.9,31.9,0.039,100,4.17,rain,0,0,16.3,18.3,42.3,1014.5,52.5,2.4,300.9,25.8,10,,2014-04-22T05:56:28,2014-04-22T18:54:35,0.75,"Rain, Partially cloudy",Partly cloudy throughout the day with late afternoon rain.,rain,"VIJP,42348099999"
rajasthan,2014-04-23,93.3,69.9,83.1,89.9,69.9,81.5,52.3,38,0,0,0,,0,0,17.9,10.3,285.6,1012.5,31.1,2.4,310.8,26.8,10,,2014-04-23T05:55:33,2014-04-23T18:55:07,0.79,Partially cloudy,Partly cloudy throughout the day.,partly-cloudy-day,"VIJP,remote,42348099999"
rajasthan,2014-04-24,98.7,75.3,88.6,94.4,75.3,86.2,48.8,27.4,0,0,0,,0,0,20.4,12.8,295.2,1009.7,28.8,2.4,314.9,27.3,10,,2014-04-24T05:54:39,2014-04-24T18:55:39,0.82,Partially cloudy,Partly cloudy throughout the day.,partly-cloudy-day,42348099999
rajasthan,2014-04-25,104.1,77.1,90.5,100.8,77.1,87.9,48.5,26.3,0,0,0,,0,0,20.4,9.8,290.9,1009,32.7,2.1,291.5,25.3,9,,2014-04-25T05:53:46,2014-04-25T18:56:11,0.86,Partially cloudy,Partly cloudy throughout the day.,partly-cloudy-day,"VIJP,remote,42348099999"
rajasthan,2014-04-26,102.2,82.5,92.4,97.6,81.3,89.4,48.1,23.1,0,0,0,,0,0,19,10.3,14.7,1008.6,35.3,2.9,281.1,24.3,9,,2014-04-26T05:52:53,2014-04-26T18:56:43,0.89,Partially cloudy,Partly cloudy throughout the day.,partly-cloudy-day,"VIJP,remote,42348099999"
rajasthan,2014-04-27,101.3,78.9,92.1,95.8,78.9,88.6,42.7,21.3,0,0,0,,0,0,21.5,11.4,344.4,1010.3,17.5,2.7,327.1,28.1,10,,2014-04-27T05:52:01,2014-04-27T18:57:16,0.93,Clear,Clear conditions throughout the day.,clear-day,"VIJP,remote,42348099999"
rajasthan,2014-04-28,102.3,80.7,93.3,97.2,79.3,89.1,37.1,15.4,0,0,0,,0,0,19.5,12.8,322.1,1009.9,0,2.8,326.1,28,10,,2014-04-28T05:51:11,2014-04-28T18:57:48,0.96,Clear,Clear conditions throughout the day.,clear-day,"VIJP,remote,42348099999"
rajasthan,2014-04-29,107.7,77.9,94,100.8,77.9,90,38.7,17.5,0,0,0,,0,0,19.9,11.4,284.3,1007.6,7.5,2.9,324.6,28,10,,2014-04-29T05:50:21,2014-04-29T18:58:21,0,Clear,Clear conditions throughout the day.,clear-day,"VIJP,remote,42348099999"
rajasthan,2014-04-30,107.7,75.3,95.7,100.5,75.3,91,35.4,14.4,0,0,0,,0,0,16.8,9.2,310.4,1007.2,31.9,2.7,306.7,26.5,9,,2014-04-30T05:49:32,2014-04-30T18:58:54,0.03,Partially cloudy,Partly cloudy throughout the day.,partly-cloudy-day,"VIJP,remote,42348099999"
rajasthan,2014-05-01,105.9,81.1,95.4,100.1,79.6,91.2,40.9,16,0,0,0,,0,0,25.3,20.8,291.7,1006.2,43.5,2.8,293,25.4,10,,2014-05-01T05:48:43,2014-05-01T18:59:27,0.06,Partially cloudy,Partly cloudy throughout the day.,partly-cloudy-day,"VIJP,remote,42348099999"
rajasthan,2014-05-02,105.9,87,94.9,100.4,84.2,91,44.1,18.9,0,0,0,,0,0,22.1,13.9,293.8,1005,31.2,2.6,311.6,27,10,,2014-05-02T05:47:56,2014-05-02T19:00:00,0.1,Partially cloudy,Partly cloudy throughout the day.,partly-cloudy-day,"VIJP,remote,42348099999"
rajasthan,2014-05-03,102.3,80.7,92.3,99.4,79.8,89.4,48,23.1,0,0,0,,0,0,21.7,15,129.2,1005.7,25.4,2.1,308,26.7,10,,2014-05-03T05:47:10,2014-05-03T19:00:33,0.13,Partially cloudy,Partly cloudy throughout the day.,partly-cloudy-day,"VIJP,remote,42348099999"
rajasthan,2014-05-04,102.3,82.3,91.2,97.6,81.2,88.1,48.1,23.8,0,0,0,,0,0,17.9,24.2,264.6,1005.6,42.8,2.2,309.9,26.7,10,,2014-05-04T05:46:25,2014-05-04T19:01:06,0.16,Partially cloudy,Partly cloudy throughout the day.,partly-cloudy-day,"VIJP,remote,42348099999"
rajasthan,2014-05-05,96.9,78.8,88.3,94.7,78.8,86.9,55.4,34.3,0.02,100,4.17,rain,0,0,17.2,11.4,281.3,1007.5,51.6,2.3,289.6,24.9,10,,2014-05-05T05:45:40,2014-05-05T19:01:40,0.19,"Rain, Partially cloudy",Partly cloudy throughout the day with morning rain.,rain,"VIJP,42348099999"
rajasthan,2014-05-06,100.5,78.3,90.2,97.2,78.3,89.1,56.7,33.9,0,0,0,,0,0,17.9,10.3,19.8,1008.5,35.4,2.4,304.2,26.2,10,,2014-05-06T05:44:57,2014-05-06T19:02:13,0.23,Partially cloudy,Partly cloudy throughout the day.,partly-cloudy-day,"VIJP,remote,42348099999"
rajasthan,2014-05-07,102.3,82.5,92.1,99,82.6,90.7,55.8,31.6,0,0,0,,0,0,17.9,10.3,295.2,1007.8,39.5,2.1,305.8,26.4,10,,2014-05-07T05:44:15,2014-05-07T19:02:47,0.25,Partially cloudy,Partly cloudy throughout the day.,partly-cloudy-day,"VIJP,remote,42348099999"
rajasthan,2014-05-08,103.9,81.5,92.8,99.1,81.3,90.3,50.6,26.2,0.012,100,8.33,rain,0,0,18.3,12.8,319.5,1005.7,32.1,1.8,284.6,24.6,9,,2014-05-08T05:43:34,2014-05-08T19:03:20,0.29,"Rain, Partially cloudy",Partly cloudy throughout the day with rain.,rain,"VIJP,remote,42348099999"
rajasthan,2014-05-09,102.3,78.8,91.1,96.6,78.8,87.8,42.7,21.9,0,0,0,,0,0,23,13.9,259.7,1003.9,12.5,2.1,330.8,28.6,10,,2014-05-09T05:42:54,2014-05-09T19:03:54,0.32,Clear,Clear conditions throughout the day.,clear-day,"VIJP,remote,42348099999"
rajasthan,2014-05-10,100.5,82.5,92.3,96.1,80.7,88.6,42.4,18.6,0.008,100,4.17,rain,0,0,20.1,12.8,253.2,1002.9,30.8,1.8,304.9,26.2,10,,2014-05-10T05:42:15,2014-05-10T19:04:28,0.35,"Rain, Partially cloudy",Partly cloudy throughout the day with late afternoon rain.,rain,"VIJP,42348099999"
rajasthan,2014-05-11,96.2,80.1,87.3,95.6,80.7,86.4,56.1,35.8,0.079,100,4.17,rain,0,0,21.3,19.7,290.3,1006.9,45.1,2.1,268.5,23.2,9,,2014-05-11T05:41:37,2014-05-11T19:05:01,0.39,"Rain, Partially cloudy",Partly cloudy throughout the day with afternoon rain.,rain,"VIJP,remote,42348099999"
rajasthan,2014-05-12,96.2,77.1,85.8,95.4,77.1,84.9,56.7,38.9,0.098,100,8.33,rain,0,0,26.6,18.3,264.9,1007.1,42.1,2,293.5,25.1,10,,2014-05-12T05:41:00,2014-05-12T19:05:35,0.42,"Rain, Partially cloudy",Partly cloudy throughout the day with rain.,rain,"VIJP,remote,42348099999"
rajasthan,2014-05-13,95.1,71.6,84.2,94,71.6,83.4,56.2,40.5,0,0,0,,0,0,19.7,14.4,262.4,1008.5,38,2.2,312.3,27,10,,2014-05-13T05:40:25,2014-05-13T19:06:09,0.45,Partially cloudy,Partly cloudy throughout the day.,partly-cloudy-day,"VIJP,remote,42348099999"
rajasthan,2014-05-14,93.3,69.9,82.4,90,69.9,81.3,56.5,44.8,0.394,100,4.17,rain,0,0,21,15,287.6,1009.3,48.4,2.1,309.5,26.8,10,,2014-05-14T05:39:50,2014-05-14T19:06:42,0.48,"Rain, Partially cloudy",Partly cloudy throughout the day with early morning rain.,rain,"VIJP,remote,42348099999"
rajasthan,2014-05-15,93.3,77.1,84.8,94.3,77.1,84.9,59.5,44.1,0.055,100,8.33,rain,0,0,24.4,10.3,294.8,1007.7,47.4,2.5,289.8,25,9,,2014-05-15T05:39:17,2014-05-15T19:07:16,0.5,"Rain, Partially cloudy",Partly cloudy throughout the day with rain.,rain,"VIJP,remote,42348099999"
rajasthan,2014-05-16,96.9,78.3,87.9,95.3,78.3,87,58.5,39.5,0,0,0,,0,0,15.7,9.2,297.3,1006.8,30.5,2.3,301,26.1,9,,2014-05-16T05:38:45,2014-05-16T19:07:49,0.55,Partially cloudy,Partly cloudy throughout the day.,partly-cloudy-day,"VIJP,remote,42348099999"
rajasthan,2014-05-17,98.7,77.4,88.8,98.7,77.4,88.7,59.8,39.3,0,0,0,,0,0,16.8,12.8,322.4,1009.3,39.5,2,307.6,26.5,10,,2014-05-17T05:38:14,2014-05-17T19:08:23,0.59,Partially cloudy,Partly cloudy throughout the day.,partly-cloudy-day,"VIJP,remote,42348099999"
rajasthan,2014-05-18,100.5,82.5,91.2,98,83,89.9,55.9,32.5,0,0,0,,0,0,19.9,12.8,305.8,1010,25.7,2.2,277.6,24,8,,2014-05-18T05:37:45,2014-05-18T19:08:56,0.62,Partially cloudy,Partly cloudy throughout the day.,partly-cloudy-day,"remote,42348099999"
rajasthan,2014-05-19,102.3,77.8,92.4,97.6,77.8,89.2,46.6,23.1,0,0,0,,0,0,19.5,10.3,318.7,1009.7,15.9,2.4,320.6,27.8,10,,2014-05-19T05:37:16,2014-05-19T19:09:29,0.66,Clear,Clear conditions throughout the day.,clear-day,"VIJP,remote,42348099999"
rajasthan,2014-05-20,102.3,82.4,93.3,97.6,81.1,89.9,45.2,20.9,0,0,0,,0,0,18.8,11.4,304.6,1008.2,8.8,2.3,325.3,28,10,,2014-05-20T05:36:49,2014-05-20T19:10:02,0.7,Clear,Clear conditions throughout the day.,clear-day,"VIJP,remote,42348099999"
rajasthan,2014-05-21,102.3,82.3,93.8,97.9,81.5,90.8,48.7,22.8,0,0,0,,0,0,25.9,13.9,314.2,1006.8,13.9,2.5,319.4,27.6,10,,2014-05-21T05:36:23,2014-05-21T19:10:35,0.75,Clear,Clear conditions throughout the day.,clear-day,"VIJP,remote,42348099999"
rajasthan,2014-05-22,105.9,80.7,94.9,100.6,80.1,91.3,45,20.2,0,0,0,,0,0,27.7,18.3,279.7,1004.2,18.8,2.5,326.3,28.2,10,,2014-05-22T05:35:59,2014-05-22T19:11:08,0.77,Clear,Clear conditions throughout the day.,clear-day,"VIJP,42348099999"
rajasthan,2014-05-23,107.7,89.5,98.6,103,86.2,95,46.4,18.3,0,0,0,,0,0,29.1,16.1,272.8,1002.8,30.2,2.3,295.8,25.5,9,,2014-05-23T05:35:35,2014-05-23T19:11:40,0.8,Partially cloudy,Partly cloudy throughout the day.,partly-cloudy-day,"VIJP,42348099999"
rajasthan,2014-05-24,103.7,78.9,90.1,102.6,78.9,88.4,54.9,31.8,0.079,100,4.17,rain,0,0,18.3,18.3,163,1006.6,58.4,1.9,276.8,23.9,9,,2014-05-24T05:35:13,2014-05-24T19:12:12,0.84,"Rain, Partially cloudy",Partly cloudy throughout the day with late afternoon rain.,rain,"VIJP,remote,42348099999"
rajasthan,2014-05-25,102.3,77.1,89.6,99,77.1,88.5,56.3,36.6,0,0,0,,0,0,18.8,10.3,146.2,1007.4,42,2.2,257.8,22.2,8,,2014-05-25T05:34:52,2014-05-25T19:12:44,0.87,Partially cloudy,Partly cloudy throughout the day.,partly-cloudy-day,"remote,42348099999"
rajasthan,2014-05-26,102.3,80.7,91.6,100.5,81.2,90.5,56.6,32,0,0,0,,0,0,14.8,21.9,89.3,1008.7,33,2.3,310,26.7,9,,2014-05-26T05:34:33,2014-05-26T19:13:16,0.91,Partially cloudy,Partly cloudy throughout the day.,partly-cloudy-day,"VIJP,remote,42348099999"
rajasthan,2014-05-27,104.1,84.3,94.1,101.8,84,92.7,55.7,29.3,0,0,0,,0,0,15.2,9.2,83.1,1007.9,33.8,2.5,313.8,27.1,9,,2014-05-27T05:34:15,2014-05-27T19:13:47,0.95,Partially cloudy,Partly cloudy throughout the day.,partly-cloudy-day,"remote,42348099999"
rajasthan,2014-05-28,109.5,84.2,97,103.8,82.9,93.8,48.5,21.8,0,0,0,,0,0,18.6,12.8,283.7,1005.3,28.9,2.3,316.1,27.3,9,,2014-05-28T05:33:58,2014-05-28T19:14:18,0.98,Partially cloudy,Partly cloudy throughout the day.,partly-cloudy-day,"VIJP,42348099999"
rajasthan,2014-05-29,111.3,83.2,99,111.3,83.1,95.4,45.9,18.8,0,0,0,,0,0,29.1,16.1,294.2,1003.7,20.5,2.5,325.2,28,10,,2014-05-29T05:33:42,2014-05-29T19:14:48,0,Partially cloudy,Partly cloudy throughout the day.,partly-cloudy-day,"VIJP,remote,42348099999"
rajasthan,2014-05-30,109.5,89.7,99.7,105,87.1,97,50.7,20.9,0,0,0,,0,0,25.3,16.1,279,1002.8,7.1,2.5,318.9,27.5,10,,2014-05-30T05:33:28,2014-05-30T19:15:18,0.05,Clear,Clear conditions throughout the day.,clear-day,"VIJP,remote,42348099999"
rajasthan,2014-05-31,107.7,86.1,95.5,111.2,85.1,96.8,61.9,33.6,0.004,100,4.17,rain,0,0,25.1,21.9,240.4,1002.8,18.1,2,295.3,25.4,9,,2014-05-31T05:33:15,2014-05-31T19:15:48,0.08,Rain,Clear conditions throughout the day with afternoon rain.,rain,"VIJP,remote,42348099999"
rajasthan,2014-06-01,105.9,78.9,92.7,105.9,78.9,92.6,59.4,35,0.039,100,4.17,rain,0,0,21.3,15.2,28.2,1005.4,33.4,2.2,309.9,26.8,10,,2014-06-01T05:33:03,2014-06-01T19:16:17,0.11,"Rain, Partially cloudy",Partly cloudy throughout the day with late afternoon rain.,rain,"VIJP,remote,42348099999"
rajasthan,2014-06-02,105.9,80.7,92.9,102.6,82.9,93.2,60.1,38.1,0,0,0,,0,0,21,9.2,315.1,1006.8,17,2.3,309.3,26.7,10,,2014-06-02T05:32:52,2014-06-02T19:16:45,0.15,Clear,Clear conditions throughout the day.,clear-day,"VIJP,remote,42348099999"
rajasthan,2014-06-03,107.7,86.1,97.5,104.4,86.9,95.8,54.3,26.3,0,0,0,,0,0,21.5,10.3,322.9,1004.4,17.7,2.5,309.9,26.6,10,,2014-06-03T05:32:43,2014-06-03T19:17:14,0.18,Clear,Clear conditions throughout the day.,clear-day,"remote,42348099999"
rajasthan,2014-06-04,111.3,84.3,99.5,111.3,84.5,97.8,52.3,23.5,0,0,0,,0,0,21.5,9.2,304.5,1002.3,31.8,2.7,317.3,27.3,10,,2014-06-04T05:32:35,2014-06-04T19:17:41,0.21,Partially cloudy,Partly cloudy throughout the day.,partly-cloudy-day,"VIJP,remote,42348099999"
rajasthan,2014-06-05,113.1,88.8,102,113.1,89,100.4,50.3,19.5,0,0,0,,0,0,25.9,17.2,301,1000.8,35.3,2.5,305.9,26.6,9,,2014-06-05T05:32:29,2014-06-05T19:18:08,0.24,Partially cloudy,Partly cloudy throughout the day.,partly-cloudy-day,"remote,42348099999"
rajasthan,2014-06-06,113.1,89.7,101.4,113.1,88.2,100.1,54.2,21.7,0,0,0,,0,0,26.4,13.9,296,999.7,39.5,2.4,285.9,24.8,9,,2014-06-06T05:32:23,2014-06-06T19:18:34,0.25,Partially cloudy,Partly cloudy throughout the day.,partly-cloudy-day,"VIJP,remote,42348099999"
rajasthan,2014-06-07,113.1,89.7,102.4,113.1,86.3,100.1,47,16.8,0,0,0,,0,0,23.3,12.8,307.3,998.9,18,2.4,307.6,26.6,9,,2014-06-07T05:32:19,2014-06-07T19:19:00,0.31,Clear,Clear conditions throughout the day.,clear-day,"remote,42348099999"
rajasthan,2014-06-08,113.1,93.3,102.2,113.1,89.4,100.8,49.8,18.5,0,0,0,,0,0,29.1,15,303.6,997.9,26.3,2.8,289.9,25,9,,2014-06-08T05:32:16,2014-06-08T19:19:25,0.34,Partially cloudy,Partly cloudy throughout the day.,partly-cloudy-day,"remote,42348099999"
rajasthan,2014-06-09,111.3,91.5,101.2,111.3,90.8,100.6,56.3,23.8,0,0,0,,0,0,27.5,16.1,298.7,998,36.1,2.1,281.7,24.4,9,,2014-06-09T05:32:15,2014-06-09T19:19:49,0.37,Partially cloudy,Partly cloudy throughout the day.,partly-cloudy-day,"remote,42348099999"
rajasthan,2014-06-10,111.3,90.6,100.8,111.3,91.2,98.9,52.6,22.1,0,0,0,,0,0,30.6,16.1,299,999.7,16.1,2.2,310,26.8,10,,2014-06-10T05:32:14,2014-06-10T19:20:13,0.41,Clear,Clear conditions throughout the day.,clear-day,"remote,42348099999"
rajasthan,2014-06-11,107.7,89.7,97.8,107.3,87.5,97.2,57,26.8,0,0,0,,0,0,29.8,12.8,287.4,1000.6,16.8,2.4,313.7,27,10,,2014-06-11T05:32:15,2014-06-11T19:20:35,0.44,Clear,Clear conditions throughout the day.,clear-day,"remote,42348099999"
rajasthan,2014-06-12,105.9,82.5,92.7,107,84.8,94.6,63.6,40.9,0,0,0,,0,0,29.5,19.7,253.1,1001.8,37.8,2.2,301.3,26,9,,2014-06-12T05:32:17,2014-06-12T19:20:57,0.47,Partially cloudy,Partly cloudy throughout the day.,partly-cloudy-day,"remote,42348099999"
rajasthan,2014-06-13,102.3,80.7,90.1,102.8,82.4,91.8,63.6,43.2,0.008,100,4.17,rain,0,0,35.6,18.3,274.7,1001.4,31.7,2.2,288.4,25.1,9,,2014-06-13T05:32:20,2014-06-13T19:21:18,0.5,"Rain, Partially cloudy",Partly cloudy throughout the day with early morning rain.,rain,"VIJP,remote,42348099999"
rajasthan,2014-06-14,102.3,86.1,94.1,104.8,90.2,97.3,65.8,40.3,0,0,0,,0,0,33.1,21.9,274.6,1000.7,32.9,2.3,261.4,22.5,9,,2014-06-14T05:32:25,2014-06-14T19:21:38,0.54,Partially cloudy,Partly cloudy throughout the day.,partly-cloudy-day,"remote,42348099999"
rajasthan,2014-06-15,104.1,87.9,96,106.1,90.5,99.8,65.9,38.5,0,0,0,,0,0,27.5,16.1,278,1001.1,39.3,2.7,265.9,23,9,,2014-06-15T05:32:30,2014-06-15T19:21:58,0.57,Partially cloudy,Partly cloudy throughout the day.,partly-cloudy-day,"remote,42348099999"
rajasthan,2014-06-16,105.9,90.9,98.1,108.2,94.5,101.5,64.9,34.8,0,0,0,,0,0,25.7,15,274.8,1000.4,48.5,2.3,294.4,25.2,9,,2014-06-16T05:32:37,2014-06-16T19:22:16,0.61,Partially cloudy,Partly cloudy throughout the day.,partly-cloudy-day,"remote,42348099999"
rajasthan,2014-06-17,105.9,88.8,96.3,112.1,92,101.1,67.4,39.8,0,0,0,,0,0,27.5,18.3,269.3,999.1,39.8,2.5,288.7,24.8,9,,2014-06-17T05:32:45,2014-06-17T19:22:34,0.64,Partially cloudy,Partly cloudy throughout the day.,partly-cloudy-day,"VIJP,remote,42348099999"
rajasthan,2014-06-18,104.1,86.4,95.3,111.2,93.3,102.7,70.7,46.4,0,0,0,,0,0,28.2,17.2,268.4,998.2,38.5,2.5,269.2,23,8,,2014-06-18T05:32:54,2014-06-18T19:22:50,0.68,Partially cloudy,Partly cloudy throughout the day.,partly-cloudy-day,"VIJP,remote,42348099999"
rajasthan,2014-06-19,104.1,84.3,94.3,113.4,92.7,101,70.3,47.7,0.012,100,4.17,rain,0,0,23,13.9,245,998,42.2,2.4,255.7,22.2,8,,2014-06-19T05:33:04,2014-06-19T19:23:06,0.72,"Rain, Partially cloudy",Partly cloudy throughout the day with afternoon rain.,rain,"VIJP,remote,42348099999"
rajasthan,2014-06-20,105.9,82.5,94.9,110.4,91.1,101.9,70.5,49.9,0.079,100,4.17,rain,0,0,30,18.3,271.9,996.9,42.7,2.2,290.4,25,9,,2014-06-20T05:33:15,2014-06-20T19:23:20,0.75,"Rain, Partially cloudy",Partly cloudy throughout the day with early morning rain.,rain,"VIJP,remote,42348099999"
rajasthan,2014-06-21,105.9,89.7,97.5,107.4,93.5,100,62.7,34.2,0,0,0,,0,0,28.2,21.9,267.3,997.8,27.1,2.3,293.1,25.5,9,,2014-06-21T05:33:27,2014-06-21T19:23:34,0.79,Partially cloudy,Partly cloudy throughout the day.,partly-cloudy-day,"VIJP,remote,42348099999"
rajasthan,2014-06-22,102.3,88.6,95.9,106,92.3,100.2,66.7,39.9,0,0,0,,0,0,26.8,16.1,273.3,1000.2,35.2,2.2,303.9,26.2,9,,2014-06-22T05:33:40,2014-06-22T19:23:46,0.82,Partially cloudy,Partly cloudy throughout the day.,partly-cloudy-day,"remote,42348099999"
rajasthan,2014-06-23,98.7,86.3,93.6,103,90.7,98.3,68,44.1,0,0,0,,0,0,26.4,18.3,274.9,1000.3,41.4,2.2,286.6,24.8,9,,2014-06-23T05:33:54,2014-06-23T19:23:57,0.86,Partially cloudy,Partly cloudy throughout the day.,partly-cloudy-day,"remote,42348099999"
rajasthan,2014-06-24,100.5,86.1,93.6,101.6,85.1,94.6,61.4,34.9,0,0,0,,0,0,27.5,13.9,276.9,999.3,50,2.5,289.7,25,9,,2014-06-24T05:34:09,2014-06-24T19:24:07,0.89,Partially cloudy,Partly cloudy throughout the day.,partly-cloudy-day,"VIJP,42348099999"
rajasthan,2014-06-25,100.5,82.5,92.3,106.2,83.5,96.2,67.1,44.3,0,0,0,,0,0,25.9,16.1,263.5,1000.5,47.3,2.3,295.5,25.6,9,,2014-06-25T05:34:25,2014-06-25T19:24:16,0.93,Partially cloudy,Partly cloudy throughout the day.,partly-cloudy-day,"remote,42348099999"
rajasthan,2014-06-26,100.5,86.1,92.8,103.9,88.5,96.5,66.8,43.5,0.004,100,4.17,rain,0,0,27.1,16.1,279.9,1004,44.9,1.9,290.9,25.1,9,,2014-06-26T05:34:42,2014-06-26T19:24:24,0.96,"Rain, Partially cloudy",Partly cloudy throughout the day with early morning rain.,rain,"remote,42348099999"
rajasthan,2014-06-27,98.9,87.9,92.5,108,91.4,96.9,67.8,44.8,0.02,100,4.17,rain,0,0,28.9,17.2,279.6,1005.8,53.2,2.3,249.7,21.6,9,,2014-06-27T05:34:59,2014-06-27T19:24:31,0,"Rain, Partially cloudy",Becoming cloudy in the afternoon with afternoon rain.,rain,"remote,42348099999"
rajasthan,2014-06-28,102.3,85.6,93.4,107.4,88.2,98,67.7,43.8,0.004,100,4.17,rain,0,0,25.1,13.9,286.6,1004.1,49.2,2.3,246.2,21.3,8,,2014-06-28T05:35:18,2014-06-28T19:24:37,0.03,"Rain, Partially cloudy",Partly cloudy throughout the day with afternoon rain.,rain,"remote,42348099999"
rajasthan,2014-06-29,102.3,89.6,95.4,103.7,89.7,96,61,32.7,0,0,0,,0,0,26.4,16.1,276,1001.9,24.2,2.5,297.2,25.5,9,,2014-06-29T05:35:38,2014-06-29T19:24:41,0.06,Partially cloudy,Partly cloudy throughout the day.,partly-cloudy-day,"VIJP,remote,42348099999"
rajasthan,2014-06-30,100.5,86.1,93.6,102.7,87.6,95.2,63.4,38,0,0,0,,0,0,27.5,19.7,269.4,1001.3,13.1,2.5,300.3,25.9,9,,2014-06-30T05:35:58,2014-06-30T19:24:44,0.1,Clear,Clear conditions throughout the day.,clear-day,"remote,42348099999"
rajasthan,2014-07-01,98.7,86.1,92.8,100.6,88.5,94.8,64.3,39.6,0,0,0,,0,0,26.6,19.7,279.8,1003.4,42,2.5,294.8,25.7,9,,2014-07-01T05:36:19,2014-07-01T19:24:46,0.13,Partially cloudy,Partly cloudy throughout the day.,partly-cloudy-day,"remote,42348099999"
rajasthan,2014-07-02,98.7,89.6,93.4,101.7,92.3,96.3,65.8,40.9,0,0,0,,0,0,27.1,15,273.1,1004.2,50,2.3,270,23.4,8,,2014-07-02T05:36:41,2014-07-02T19:24:46,0.16,Partially cloudy,Partly cloudy throughout the day.,partly-cloudy-day,"VIJP,42348099999"
rajasthan,2014-07-03,93.3,77.1,86.9,102.9,77.1,93.1,72.4,63.4,0.157,100,4.17,rain,0,0,25.7,11.4,286.1,1002,60.3,2.3,166.6,14.3,7,,2014-07-03T05:37:03,2014-07-03T19:24:46,0.2,"Rain, Partially cloudy",Partly cloudy throughout the day with early morning rain.,rain,"remote,42348099999"
rajasthan,2014-07-04,98.7,83.9,91.5,107.1,89.1,98.1,70.8,51.7,0,0,0,,0,0,27.7,13.9,288.7,1000.5,45.6,2.5,261.8,22.7,8,,2014-07-04T05:37:26,2014-07-04T19:24:44,0.23,Partially cloudy,Partly cloudy throughout the day.,partly-cloudy-day,"remote,42348099999"
rajasthan,2014-07-05,100.5,86.1,93.4,106.7,90.8,98.6,68.7,45.5,0,0,0,,0,0,26.4,15,306.3,1002.4,26.9,2.5,277.3,24.1,9,,2014-07-05T05:37:50,2014-07-05T19:24:41,0.25,Partially cloudy,Partly cloudy throughout the day.,partly-cloudy-day,"remote,42348099999"
rajasthan,2014-07-06,102.3,87,93.8,106,88.3,97.7,66.9,42.7,0,0,0,,0,0,28.2,12.8,308.4,1003.3,41.8,2.5,273,23.6,9,,2014-07-06T05:38:15,2014-07-06T19:24:36,0.3,Partially cloudy,Partly cloudy throughout the day.,partly-cloudy-day,"remote,42348099999"
rajasthan,2014-07-07,104.1,84.2,94.7,107,88.6,98.2,66,41.3,0,0,0,,0,0,32.2,16.1,303.6,1002.7,39.1,2.5,278.6,24,9,,2014-07-07T05:38:40,2014-07-07T19:24:30,0.33,Partially cloudy,Partly cloudy throughout the day.,partly-cloudy-day,"VIJP,remote,42348099999"
rajasthan,2014-07-08,104.9,87.9,96,104,90.3,96.7,60.1,32.6,0,0,0,,0,0,31.3,18.3,288.9,1001.1,9,2.5,284.4,24.6,9,,2014-07-08T05:39:05,2014-07-08T19:24:23,0.36,Clear,Clear conditions throughout the day.,clear-day,"VIJP,remote,42348099999"
rajasthan,2014-07-09,104.1,87.9,95.7,103.2,89,96.2,60.4,32.4,0,0,0,,0,0,27.5,15,288.9,1001.1,23.8,2.5,283.3,24.5,9,,2014-07-09T05:39:31,2014-07-09T19:24:15,0.39,Partially cloudy,Partly cloudy throughout the day.,partly-cloudy-day,42348099999
rajasthan,2014-07-10,105.9,87.9,97.3,106,89.5,98,60.7,31.3,0,0,0,,0,0,26.6,15,297.3,1001.4,36.8,2.7,275.3,24,9,,2014-07-10T05:39:58,2014-07-10T19:24:05,0.43,Partially cloudy,Partly cloudy throughout the day.,partly-cloudy-day,42348099999
rajasthan,2014-07-11,107.7,89.7,98,108.9,92.4,100.3,63.3,33.7,0,0,0,,0,0,26.6,13.9,298.4,1000.5,31.4,2.5,271.2,23.6,8,,2014-07-11T05:40:25,2014-07-11T19:23:54,0.46,Partially cloudy,Partly cloudy throughout the day.,partly-cloudy-day,"remote,42348099999"
rajasthan,2014-07-12,105.9,87.9,96.4,108.4,91.6,100.8,67,39.7,0.004,100,4.17,rain,0,0,26.4,11.4,292.6,999.2,38.7,2.5,262.3,22.7,8,,2014-07-12T05:40:53,2014-07-12T19:23:41,0.5,"Rain, Partially cloudy",Partly cloudy throughout the day with late afternoon rain.,rain,"VIJP,remote,42348099999"
rajasthan,2014-07-13,105.9,86.1,94.7,111.8,93.7,100.9,69.5,46.1,0.012,100,8.33,rain,0,0,27.7,12.8,282.6,999.4,65.8,2.3,245.8,21.2,8,,2014-07-13T05:41:21,2014-07-13T19:23:27,0.53,"Rain, Partially cloudy",Partly cloudy throughout the day with late afternoon rain.,rain,"VIJP,remote,42348099999"
rajasthan,2014-07-14,96.9,83,89.7,110,89.1,98.4,73.5,59.9,0,0,0,,0,0,23.5,11.4,275.1,999.5,78.6,2.4,192.9,16.6,8,,2014-07-14T05:41:49,2014-07-14T19:23:12,0.56,Partially cloudy,Partly cloudy throughout the day.,partly-cloudy-day,"remote,42348099999"
rajasthan,2014-07-15,97.6,81.8,87.1,112.6,89.7,96.9,75.5,69.5,0.826,100,8.33,rain,0,0,20.8,8.1,280.2,998.8,76.9,1.8,208.9,18,9,,2014-07-15T05:42:18,2014-07-15T19:22:56,0.6,"Rain, Partially cloudy",Partly cloudy throughout the day with rain.,rain,"remote,42348099999"
rajasthan,2014-07-16,95.1,79.4,87.6,113.1,79.4,98,77.2,73.1,0.063,100,25,rain,0,0,17,13.9,102.6,998.2,73,1.9,198.7,17.2,7,,2014-07-16T05:42:47,2014-07-16T19:22:38,0.63,"Rain, Partially cloudy",Partly cloudy throughout the day with rain.,rain,"remote,42348099999"
rajasthan,2014-07-17,94.2,78.9,85,106.3,78.9,94.1,77.4,79.5,4.409,100,8.33,rain,0,0,13.2,5.8,40,997.5,96.3,1.9,187.7,16.3,7,,2014-07-17T05:43:17,2014-07-17T19:22:19,0.67,"Rain, Overcast",Cloudy skies throughout the day with rain.,rain,"VIJP,remote,42348099999"
rajasthan,2014-07-18,89.7,78.3,83.9,102.8,78.3,91,77,81,0.531,100,50,rain,0,0,17.2,11.4,301.1,997,74.9,2.5,95.4,8.1,5,,2014-07-18T05:43:46,2014-07-18T19:21:59,0.7,"Rain, Partially cloudy",Partly cloudy throughout the day with rain clearing later.,rain,"VIJP,remote,42348099999"
rajasthan,2014-07-19,93.3,78.2,86.6,105.3,78.2,94.8,74.9,69.8,1.417,100,4.17,rain,0,0,28.9,13.9,298.4,998,56.5,2.4,207,18,7,,2014-07-19T05:44:16,2014-07-19T19:21:37,0.75,"Rain, Partially cloudy",Partly cloudy throughout the day with late afternoon rain.,rain,"VIJP,remote,42348099999"
rajasthan,2014-07-20,91.4,77.1,84.3,102.9,77.1,90.5,73.5,70.7,0,0,0,,0,0,27.3,13.9,285.5,1000,72.2,2,204.1,17.5,7,,2014-07-20T05:44:46,2014-07-20T19:21:14,0.77,Partially cloudy,Partly cloudy throughout the day.,partly-cloudy-day,"VIJP,remote,42348099999"
rajasthan,2014-07-21,95.1,75.3,85.1,105.4,75.3,91.5,73.8,70.6,0.134,100,8.33,rain,0,0,26.4,17.2,284.8,999.9,76.3,2.4,249.9,21.7,8,,2014-07-21T05:45:17,2014-07-21T19:20:49,0.8,"Rain, Partially cloudy",Partly cloudy throughout the day with rain.,rain,"VIJP,remote,42348099999"
rajasthan,2014-07-22,93.3,78.9,85.3,105.3,78.9,93,74.3,70.3,0.079,100,4.17,rain,0,0,22.8,10.3,295.7,999.5,72.6,1.9,189.2,16.4,7,,2014-07-22T05:45:47,2014-07-22T19:20:24,0.84,"Rain, Partially cloudy",Partly cloudy throughout the day with late afternoon rain.,rain,"remote,42348099999"
rajasthan,2014-07-23,93.3,82.5,87,105.3,89.7,96.3,75.2,68.7,0,0,0,,0,0,30.4,14.3,76.2,998.9,69.1,1.9,233.8,20.2,8,,2014-07-23T05:46:18,2014-07-23T19:19:57,0.87,Partially cloudy,Partly cloudy throughout the day.,partly-cloudy-day,"VIJP,remote,42348099999"
rajasthan,2014-07-24,87.9,78.9,83,94.4,78.9,88.4,73.6,73.9,0,0,0,,0,0,20.8,12.8,86.2,1000.1,74,1.9,152.7,13.1,6,,2014-07-24T05:46:49,2014-07-24T19:19:29,0.91,Partially cloudy,Partly cloudy throughout the day.,partly-cloudy-day,"remote,42348099999"
rajasthan,2014-07-25,91.5,78,84.5,100.8,78,90,73.8,71.3,0,0,0,,0,0,15.7,11.4,96.5,1002.3,69,2.2,195.2,16.8,6,,2014-07-25T05:47:20,2014-07-25T19:18:59,0.94,Partially cloudy,Partly cloudy throughout the day.,partly-cloudy-day,"remote,42348099999"
rajasthan,2014-07-26,93.3,82.5,86.7,105.3,91.1,97.3,76.6,73,0.008,100,4.17,rain,0,0,14.1,11.4,195,1004.3,54.8,2.1,211.6,18.2,8,,2014-07-26T05:47:51,2014-07-26T19:18:28,0.98,"Rain, Partially cloudy",Partly cloudy throughout the day with late afternoon rain.,rain,"remote,42348099999"
rajasthan,2014-07-27,89.7,78.9,84.3,102.8,78.9,93.7,76.8,78.7,0.15,100,4.17,rain,0,0,15.4,18.3,317.7,1005,80,1.9,164.9,14.1,6,,2014-07-27T05:48:22,2014-07-27T19:17:56,0,"Rain, Partially cloudy",Partly cloudy throughout the day with early morning rain.,rain,"VIJP,42348099999"
rajasthan,2014-07-28,84.6,77.1,80.5,94.5,77.1,84.9,76.2,86.9,0.165,100,8.33,rain,0,0,10.3,13.9,276.2,1002.3,81.9,1.8,113.8,9.9,5,,2014-07-28T05:48:53,2014-07-28T19:17:23,0.04,"Rain, Partially cloudy",Partly cloudy throughout the day with rain in the morning and afternoon.,rain,"VIJP,remote,42348099999"
rajasthan,2014-07-29,89.7,77.1,82.8,100.5,77.1,88.6,76.1,81.6,0.157,100,4.17,rain,0,0,11.9,9.2,155.2,1001.6,83.3,2.1,125,10.8,6,,2014-07-29T05:49:24,2014-07-29T19:16:49,0.08,"Rain, Partially cloudy",Partly cloudy throughout the day with afternoon rain.,rain,42348099999
rajasthan,2014-07-30,90.9,77.1,84.7,102.8,77.1,94.7,77.6,80.1,0.709,100,4.17,rain,0,0,17,10.3,99.9,1002,62,2.1,213.2,18.5,7,,2014-07-30T05:49:55,2014-07-30T19:16:13,0.11,"Rain, Partially cloudy",Partly cloudy throughout the day with early morning rain.,rain,"VIJP,remote,42348099999"
rajasthan,2014-07-31,93.3,81.8,87.1,108.1,89.4,98.8,77.4,73.9,0.102,100,12.5,rain,0,0,19.7,10.3,95.2,1001.5,69.6,1.9,195.3,16.8,6,,2014-07-31T05:50:26,2014-07-31T19:15:36,0.15,"Rain, Partially cloudy",Partly cloudy throughout the day with rain.,rain,"remote,42348099999"
rajasthan,2014-08-01,93.3,80,84.1,110.6,80,93.6,77.4,81.2,0.354,100,4.17,rain,0,0,15.4,12.8,134.9,1000.7,81.4,2.1,203.1,17.6,7,,2014-08-01T05:50:57,2014-08-01T19:14:58,0.18,"Rain, Partially cloudy",Partly cloudy throughout the day with afternoon rain.,rain,"remote,42348099999"
rajasthan,2014-08-02,91.5,78.9,83.8,108.1,78.9,92.6,77.7,82.6,0.02,100,4.17,rain,0,0,13.4,9.2,272.4,1000.5,64.2,2,167.8,14.5,7,,2014-08-02T05:51:28,2014-08-02T19:14:19,0.21,"Rain, Partially cloudy",Partly cloudy throughout the day with afternoon rain.,rain,"remote,42348099999"
rajasthan,2014-08-03,90.2,80.7,83.6,107.4,87.4,94,78.4,85,0.866,100,4.17,rain,0,0,17.7,10.3,259.5,999.3,66,2,183.5,15.6,7,,2014-08-03T05:51:59,2014-08-03T19:13:39,0.25,"Rain, Partially cloudy",Partly cloudy throughout the day with late afternoon rain.,rain,"VIJP,remote,42348099999"
rajasthan,2014-08-04,87.9,77.1,81.9,102.7,77.1,88.3,77.3,86.7,0.354,100,4.17,rain,0,0,19.5,11.4,281.5,999,90.2,1.8,57.7,4.7,3,,2014-08-04T05:52:30,2014-08-04T19:12:57,0.25,"Rain, Overcast",Cloudy skies throughout the day with late afternoon rain.,rain,"remote,42348099999"
rajasthan,2014-08-05,86.1,77.1,80.9,99.7,77.1,85.6,76.5,86.8,0.669,100,8.33,rain,0,0,18.1,9.2,321,999.9,87.5,2.1,66.1,5.6,3,,2014-08-05T05:53:01,2014-08-05T19:12:15,0.31,"Rain, Partially cloudy",Partly cloudy throughout the day with rain in the morning and afternoon.,rain,"remote,42348099999"
rajasthan,2014-08-06,87.9,78.9,82.3,102.7,78.9,89.7,77.9,86.8,0.236,100,8.33,rain,0,0,22.6,9.2,351.3,999.3,90.3,1.8,120.1,10.1,4,,2014-08-06T05:53:32,2014-08-06T19:11:31,0.35,"Rain, Overcast",Cloudy skies throughout the day with rain in the morning and afternoon.,rain,"remote,42348099999"
rajasthan,2014-08-07,85.2,77.1,80.5,94.4,77.1,85.8,76.8,88.7,0.008,100,4.17,rain,0,0,18.8,11.4,22.6,998.9,87.9,1.9,197.8,17,7,,2014-08-07T05:54:02,2014-08-07T19:10:46,0.38,"Rain, Partially cloudy",Partly cloudy throughout the day with afternoon rain.,rain,"remote,42348099999"
rajasthan,2014-08-08,84.5,75.3,79.4,95.3,75.3,83.1,77,92.8,0.74,100,8.33,rain,0,0,16.1,8.1,301.9,1000.9,91.3,1.6,82.6,7.2,3,,2014-08-08T05:54:33,2014-08-08T19:10:01,0.42,"Rain, Overcast",Cloudy skies throughout the day with morning rain.,rain,"remote,42348099999"
rajasthan,2014-08-09,84.3,77.1,79.6,96.4,77.1,83.2,77.9,94.7,3.071,100,16.67,rain,0,0,16.6,10.3,291.8,1002.8,95.8,1.4,67.1,5.9,3,,2014-08-09T05:55:03,2014-08-09T19:09:14,0.45,"Rain, Overcast",Cloudy skies throughout the day with a chance of rain throughout the day.,rain,"remote,42348099999"
rajasthan,2014-08-10,85.9,77.1,79.8,95.7,77.1,82.5,77.7,93.8,0.984,100,12.5,rain,0,0,19.7,8.5,310.8,1004.2,92.7,1.2,158.5,13.7,5,,2014-08-10T05:55:33,2014-08-10T19:08:26,0.5,"Rain, Overcast",Cloudy skies throughout the day with rain.,rain,"remote,42348099999"
rajasthan,2014-08-11,87.9,77.1,81.3,102.7,77.1,86.5,76.7,86.6,0.004,100,4.17,rain,0,0,18.3,9.2,301.6,1003.3,85.3,1.7,174.7,15.2,7,,2014-08-11T05:56:03,2014-08-11T19:07:37,0.52,"Rain, Partially cloudy",Partly cloudy throughout the day with late afternoon rain.,rain,"remote,42348099999"
rajasthan,2014-08-12,89.7,77.1,83.4,105.4,77.1,91.2,77.4,82.9,0.004,100,4.17,rain,0,0,20.8,10.3,291.4,1003.1,88.3,2.1,193.3,16.8,6,,2014-08-12T05:56:33,2014-08-12T19:06:47,0.55,"Rain, Partially cloudy",Partly cloudy throughout the day with early morning rain.,rain,"VIJP,remote,42348099999"
rajasthan,2014-08-13,87.9,78.3,83.5,98,78.3,90.2,75.2,76.7,0,0,0,,0,0,29.1,16.1,274.5,1003.1,76.8,1.9,169.9,14.6,5,,2014-08-13T05:57:03,2014-08-13T19:05:57,0.58,Partially cloudy,Partly cloudy throughout the day.,partly-cloudy-day,"remote,42348099999"
rajasthan,2014-08-14,87.9,76.9,83,96.1,76.9,88.3,73.7,74.3,0.004,100,4.17,rain,0,0,31.8,20.8,258.5,1002.3,85.6,1.9,197.3,17.1,6,,2014-08-14T05:57:32,2014-08-14T19:05:05,0.62,"Rain, Partially cloudy",Partly cloudy throughout the day with afternoon rain.,rain,"VIJP,remote,42348099999"
rajasthan,2014-08-15,87.9,78.9,82.2,96.1,78.9,86.7,73.4,75.4,0,0,0,,0,0,30.2,16.1,247,1003.2,65,2.3,173.1,14.7,6,,2014-08-15T05:58:02,2014-08-15T19:04:13,0.65,Partially cloudy,Partly cloudy throughout the day.,partly-cloudy-day,42348099999
rajasthan,2014-08-16,86.1,77.1,80.4,92.1,77.1,83.3,73.2,79.3,0.008,100,4.17,rain,0,0,19,9.2,241.9,1005.9,67.9,1.9,175.9,15.1,7,,2014-08-16T05:58:31,2014-08-16T19:03:19,0.69,"Rain, Partially cloudy",Partly cloudy throughout the day with afternoon rain.,rain,42348099999
rajasthan,2014-08-17,89.7,77.1,82.9,98.4,77.1,87.9,73.7,74.6,0,0,0,,0,0,17.2,10.3,277.9,1006.9,50.1,2.2,205.3,17.6,8,,2014-08-17T05:59:00,2014-08-17T19:02:25,0.75,Partially cloudy,Partly cloudy throughout the day.,partly-cloudy-day,"remote,42348099999"
rajasthan,2014-08-18,93.3,78.9,85.9,103.1,78.9,92,73.4,67.9,0,0,0,,0,0,15.7,10.3,281.7,1008.8,47.1,2.2,256.7,22.2,8,,2014-08-18T05:59:29,2014-08-18T19:01:30,0.75,Partially cloudy,Partly cloudy throughout the day.,partly-cloudy-day,42348099999
rajasthan,2014-08-19,95.1,78.9,86.9,103.4,78.9,93.2,73.3,65.6,0.008,100,4.17,rain,0,0,19.5,10.3,264.2,1009,50.3,2.3,252.9,21.8,8,,2014-08-19T05:59:58,2014-08-19T19:00:34,0.79,"Rain, Partially cloudy",Partly cloudy throughout the day with afternoon rain.,rain,"remote,42348099999"
rajasthan,2014-08-20,96.9,79.1,87.8,102.2,79.1,92.8,71.2,59.8,0,0,0,,0,0,21.5,12.8,256.7,1007.1,19.7,2.4,273.8,23.5,9,,2014-08-20T06:00:26,2014-08-20T18:59:37,0.82,Clear,Clear conditions throughout the day.,clear-day,"remote,42348099999"
rajasthan,2014-08-21,96.9,78.9,87.3,100,78.9,91.3,69.1,56.7,0,0,0,,0,0,21.5,13.9,242.8,1005.7,12.5,2.3,283.1,24.4,9,,2014-08-21T06:00:55,2014-08-21T18:58:40,0.85,Clear,Clear conditions throughout the day.,clear-day,42348099999
rajasthan,2014-08-22,96.9,80.7,87.9,100.8,84.1,92.2,69.1,55.6,0,0,0,,0,0,17.4,10.3,254.5,1005.9,29.2,2.4,282.8,24.3,9,,2014-08-22T06:01:23,2014-08-22T18:57:42,0.89,Partially cloudy,Partly cloudy throughout the day.,partly-cloudy-day,"remote,42348099999"
rajasthan,2014-08-23,98.7,82.5,90.3,100.8,86.4,93.7,67,48.4,0,0,0,,0,0,15.4,6.9,271.3,1007.2,34.6,2.2,276.9,23.9,9,,2014-08-23T06:01:51,2014-08-23T18:56:43,0.92,Partially cloudy,Partly cloudy throughout the day.,partly-cloudy-day,"remote,42348099999"
rajasthan,2014-08-24,98.7,80,90.6,103,80,94.3,67.6,48.4,0,0,0,,0,0,17.4,11.4,265.9,1006.8,24.2,2.2,276,23.8,9,,2014-08-24T06:02:19,2014-08-24T18:55:43,0.96,Partially cloudy,Partly cloudy throughout the day.,partly-cloudy-day,"VIJP,remote,42348099999"
rajasthan,2014-08-25,100.5,82.5,90.4,105.2,86.4,94.8,68.4,50.8,0,0,0,,0,0,17,9.2,268.7,1006.9,29.2,2.5,261.3,22.5,8,,2014-08-25T06:02:46,2014-08-25T18:54:43,0,Partially cloudy,Partly cloudy throughout the day.,partly-cloudy-day,"remote,42348099999"
rajasthan,2014-08-26,98.7,79.6,89,103,79.6,93.6,69.3,54.4,0,0,0,,0,0,17.4,11.4,275.4,1006.1,33.2,2,256.2,22.2,9,,2014-08-26T06:03:14,2014-08-26T18:53:42,0.02,Partially cloudy,Partly cloudy throughout the day.,partly-cloudy-day,"remote,42348099999"
rajasthan,2014-08-27,96.9,80.7,88.5,103.4,84.7,93.2,69.5,55.6,0,0,0,,0,0,17.2,10.3,275.1,1005.1,40.3,2.2,274.7,23.7,9,,2014-08-27T06:03:41,2014-08-27T18:52:40,0.06,Partially cloudy,Partly cloudy throughout the day.,partly-cloudy-day,"remote,42348099999"
rajasthan,2014-08-28,96.9,79.1,87.6,102.2,79.1,92.5,70,56.9,0,0,0,,0,0,15.4,15,22.2,1006,35.9,2.3,267.3,23,9,,2014-08-28T06:04:08,2014-08-28T18:51:38,0.09,Partially cloudy,Partly cloudy throughout the day.,partly-cloudy-day,"remote,42348099999"
rajasthan,2014-08-29,95.1,79.1,87.1,103.4,79.1,93.8,72.8,63.7,0,0,0,,0,0,17.7,10.3,75.8,1005.4,42.7,2.4,222.5,19.3,8,,2014-08-29T06:04:35,2014-08-29T18:50:36,0.13,Partially cloudy,Partly cloudy throughout the day.,partly-cloudy-day,"remote,42348099999"
rajasthan,2014-08-30,87.9,75.3,80.1,98,75.3,83.3,74.6,83.6,0.393,100,8.33,rain,0,0,17.7,10.3,73.1,1005.2,74.6,1.9,213.4,18.5,8,,2014-08-30T06:05:02,2014-08-30T18:49:32,0.16,"Rain, Partially cloudy",Partly cloudy throughout the day with rain in the morning and afternoon.,rain,"remote,42348099999"
rajasthan,2014-08-31,91.5,77.1,82.4,105.3,77.1,88,75.5,80.5,0.276,100,4.17,rain,0,0,19.5,12.8,77.8,1002.8,75.9,2.1,212.8,18.3,7,,2014-08-31T06:05:29,2014-08-31T18:48:29,0.2,"Rain, Partially cloudy",Partly cloudy throughout the day with afternoon rain.,rain,"remote,42348099999"
rajasthan,2014-09-01,86.1,78.8,82.1,95.4,78.8,87.3,74.4,77.9,0,0,0,,0,0,22.4,13.9,80.6,1002.1,69.2,2.2,210.4,18.1,8,,2014-09-01T06:05:56,2014-09-01T18:47:25,0.23,Partially cloudy,Partly cloudy throughout the day.,partly-cloudy-day,"VIJP,42348099999"
rajasthan,2014-09-02,84.3,77.1,79.6,94.4,77.1,81.9,75.8,88.5,0.48,100,8.33,rain,0,0,30.2,15.2,75.2,1002,82.9,1.9,128.4,11.1,5,,2014-09-02T06:06:22,2014-09-02T18:46:20,0.25,"Rain, Partially cloudy",Partly cloudy throughout the day with rain in the morning and afternoon.,rain,"VIJP,remote,42348099999"
rajasthan,2014-09-03,80.7,76.7,78.8,88.4,76.7,80.5,77.1,94.6,0.63,100,12.5,rain,0,0,20.4,12.3,104.3,1001.8,94.8,1.9,0,0,0,,2014-09-03T06:06:49,2014-09-03T18:45:15,0.3,"Rain, Overcast",Cloudy skies throughout the day with early morning rain.,rain,"VIJP,remote,42348099999"
rajasthan,2014-09-04,85.6,77.1,79.4,95.9,77.1,82.2,76.5,91,0.079,100,4.17,rain,0,0,24.8,11.4,146,1001.8,95,1.6,172.4,14.9,7,,2014-09-04T06:07:15,2014-09-04T18:44:09,0.33,"Rain, Overcast",Cloudy skies throughout the day with afternoon rain.,rain,"remote,42348099999"
rajasthan,2014-09-05,87.9,75.3,80.9,98,75.3,85.4,76,86.1,1.22,100,8.33,rain,0,0,22.8,11.4,241.9,1001.8,83.5,1.6,130,11.3,5,,2014-09-05T06:07:41,2014-09-05T18:43:03,0.37,"Rain, Partially cloudy",Partly cloudy throughout the day with morning rain.,rain,"VIJP,remote,42348099999"
rajasthan,2014-09-06,87.9,75.3,82,98,75.3,87,74.7,79.4,0,0,0,,0,0,17.2,9.2,287.6,1005,56.2,1.9,191.8,16.3,8,,2014-09-06T06:08:07,2014-09-06T18:41:57,0.4,Partially cloudy,Partly cloudy throughout the day.,partly-cloudy-day,"VIJP,remote,42348099999"
rajasthan,2014-09-07,89.7,78.9,82.8,102.8,78.9,89.3,75,77.7,0.079,100,4.17,rain,0,0,17,8.1,1.2,1006.3,66.8,2.1,177.1,15.2,8,,2014-09-07T06:08:33,2014-09-07T18:40:50,0.44,"Rain, Partially cloudy",Partly cloudy throughout the day with late afternoon rain.,rain,"remote,42348099999"
rajasthan,2014-09-08,89.7,80.1,84.4,102.8,86,94,76.7,78.2,0.154,100,16.67,rain,0,0,19.7,10.3,68.6,1005.3,65.4,2.1,167.8,14.5,6,,2014-09-08T06:08:59,2014-09-08T18:39:43,0.47,"Rain, Partially cloudy",Partly cloudy throughout the day with afternoon rain.,rain,"VIJP,remote,42348099999"
rajasthan,2014-09-09,91.5,78.9,84.8,105.3,78.9,94.1,76.7,77.6,0.099,100,20.83,rain,0,0,14.3,9.2,78.5,1004.1,50.9,2.5,209.3,18.1,8,,2014-09-09T06:09:25,2014-09-09T18:38:36,0.5,"Rain, Partially cloudy",Partly cloudy throughout the day with rain.,rain,"VIJP,remote,42348099999"
rajasthan,2014-09-10,92.3,75.2,81,105.2,75.2,85.5,75.9,85.4,0.314,100,8.33,rain,0,0,14.1,16.1,326,1005.1,74.5,2.1,163.3,14.2,6,,2014-09-10T06:09:51,2014-09-10T18:37:29,0.54,"Rain, Partially cloudy",Partly cloudy throughout the day with rain.,rain,"VIJP,remote,42348099999"
rajasthan,2014-09-11,84.3,75.3,78.2,91.7,75.3,79.9,74.7,89.6,0.157,100,4.17,rain,0,0,14.5,12.8,87.2,1007.2,94.3,1.8,132,11.4,7,,2014-09-11T06:10:17,2014-09-11T18:36:21,0.57,"Rain, Overcast",Cloudy skies throughout the day with afternoon rain.,rain,"VIJP,remote,42348099999"
rajasthan,2014-09-12,89.7,73.5,80.9,98.4,73.5,84.9,74.2,81.6,0.024,100,8.33,rain,0,0,14.5,6.9,309.3,1008,66.2,1.8,205.1,17.7,7,,2014-09-12T06:10:42,2014-09-12T18:35:13,0.61,"Rain, Partially cloudy",Partly cloudy throughout the day with late afternoon rain.,rain,"remote,42348099999"
rajasthan,2014-09-13,89.7,75.2,82.3,100.5,75.2,87.4,74.4,78.2,0,0,0,,0,0,21,11.4,289.5,1006.8,42.9,2.2,211.8,18.4,8,,2014-09-13T06:11:08,2014-09-13T18:34:05,0.64,Partially cloudy,Partly cloudy throughout the day.,partly-cloudy-day,"VIJP,remote,42348099999"
rajasthan,2014-09-14,91.5,76.4,82.6,102.9,76.4,87.1,73.9,76.1,0.004,100,4.17,rain,0,0,14.1,10.3,298.8,1007.2,45.6,2.4,217.6,18.9,8,,2014-09-14T06:11:34,2014-09-14T18:32:57,0.67,"Rain, Partially cloudy",Partly cloudy throughout the day with morning rain.,rain,"VIJP,remote,42348099999"
rajasthan,2014-09-15,89.7,75.5,83.4,100.5,75.5,89.3,73.4,72.6,0.008,100,4.17,rain,0,0,15.2,11.4,302.7,1007.5,43.8,2.2,213.2,18.4,7,,2014-09-15T06:12:00,2014-09-15T18:31:48,0.7,"Rain, Partially cloudy",Partly cloudy throughout the day with afternoon rain.,rain,"remote,42348099999"
rajasthan,2014-09-16,93.3,78.9,85.5,101.1,78.9,91.6,72.8,66.9,0,0,0,,0,0,18.3,9.2,304.2,1006.4,35,2.3,233.3,20.1,8,,2014-09-16T06:12:26,2014-09-16T18:30:40,0.75,Partially cloudy,Partly cloudy throughout the day.,partly-cloudy-day,42348099999
rajasthan,2014-09-17,93.3,76.6,84.9,103.1,76.6,89.4,72,66.6,0,0,0,,0,0,23,10.3,301.2,1005.8,33.9,2.4,249.3,21.6,9,,2014-09-17T06:12:51,2014-09-17T18:29:31,0.77,Partially cloudy,Partly cloudy throughout the day.,partly-cloudy-day,"remote,42348099999"
rajasthan,2014-09-18,93.3,78.9,84.8,99.4,78.9,88.7,70.9,64.3,0,0,0,,0,0,22.4,11.4,302.6,1007.3,13.3,2.3,248.2,21.4,9,,2014-09-18T06:13:17,2014-09-18T18:28:22,0.8,Clear,Clear conditions throughout the day.,clear-day,42348099999
rajasthan,2014-09-19,93.3,71.7,84.5,97.9,71.7,87.3,69.1,61.8,0,0,0,,0,0,23,12.8,298.2,1007.8,13.3,2.5,256.6,22.2,9,,2014-09-19T06:13:43,2014-09-19T18:27:14,0.84,Clear,Clear conditions throughout the day.,clear-day,"VIJP,remote,42348099999"
rajasthan,2014-09-20,93.3,78.9,84.4,97.9,78.9,86.3,67.2,57.9,0,0,0,,0,0,23.3,11.4,302.7,1006.6,10,2.5,256.3,22.1,9,,2014-09-20T06:14:09,2014-09-20T18:26:05,0.87,Clear,Clear conditions throughout the day.,clear-day,42348099999
rajasthan,2014-09-21,93.3,77.1,84.3,98.9,77.1,86.9,68.1,59.5,0,0,0,,0,0,22.1,12.8,300,1007.3,1.3,2.5,260,22.5,9,,2014-09-21T06:14:35,2014-09-21T18:24:56,0.9,Clear,Clear conditions throughout the day.,clear-day,"VIJP,remote,42348099999"
rajasthan,2014-09-22,93.3,75.3,83.8,95.7,75.3,85,65.8,57.2,0,0,0,,0,0,24.8,11.4,292.1,1008.9,0,2.5,261,22.6,9,,2014-09-22T06:15:02,2014-09-22T18:23:48,0.93,Clear,Clear conditions throughout the day.,clear-day,"remote,42348099999"
rajasthan,2014-09-23,93.3,74,82.9,96.5,74,84.8,67.5,61.3,0,0,0,,0,0,23.3,11.4,286.8,1008.8,0,2.5,261.4,22.5,9,,2014-09-23T06:15:28,2014-09-23T18:22:39,0.97,Clear,Clear conditions throughout the day.,clear-day,"remote,42348099999"
rajasthan,2014-09-24,93.3,73.1,83.5,94.5,73.1,84.8,66,57.6,0,0,0,,0,0,19.7,10.3,277.7,1009.9,0,2.4,259.4,22.5,9,,2014-09-24T06:15:54,2014-09-24T18:21:31,0,Clear,Clear conditions throughout the day.,clear-day,"remote,42348099999"
rajasthan,2014-09-25,91.5,75.3,83.8,92.4,75.3,84.9,65.5,55.7,0,0,0,,0,0,16.6,10.3,285,1011,23.3,2.3,255.9,22.1,9,,2014-09-25T06:16:21,2014-09-25T18:20:23,0.04,Partially cloudy,Partly cloudy throughout the day.,partly-cloudy-day,"remote,42348099999"
rajasthan,2014-09-26,102.3,76,85.4,106,76,86.7,65,52.4,0,0,0,,0,0,17.9,10.3,292.9,1012.1,25,2.5,233.1,20.2,8,,2014-09-26T06:16:48,2014-09-26T18:19:14,0.07,Partially cloudy,Partly cloudy throughout the day.,partly-cloudy-day,"remote,42348099999"
rajasthan,2014-09-27,93.3,75.3,84.6,94.4,75.3,85.2,62.9,49.7,0,0,0,,0,0,19.5,11.4,287.7,1012.8,6.3,2.5,227.8,19.7,8,,2014-09-27T06:17:15,2014-09-27T18:18:07,0.11,Clear,Clear conditions throughout the day.,clear-day,42348099999
rajasthan,2014-09-28,95.1,78.9,85.2,94.7,78.9,85.5,62.2,47.7,0,0,0,,0,0,17.7,10.3,287.5,1013.3,0,2.5,230.9,19.9,8,,2014-09-28T06:17:42,2014-09-28T18:16:59,0.14,Clear,Clear conditions throughout the day.,clear-day,42348099999
rajasthan,2014-09-29,95.1,76,84.9,94,76,84.8,61.1,46.8,0,0,0,,0,0,17.7,9.2,273.3,1012.6,0.4,2.5,250.3,21.7,9,,2014-09-29T06:18:09,2014-09-29T18:15:51,0.18,Clear,Clear conditions throughout the day.,clear-day,"remote,42348099999"
rajasthan,2014-09-30,95.1,77.1,85.5,94,77.1,85.8,61.6,46.5,0,0,0,,0,0,17.2,11.4,273.9,1012.5,10.3,2.4,240.2,20.8,8,,2014-09-30T06:18:37,2014-09-30T18:14:44,0.21,Clear,Clear conditions throughout the day.,clear-day,"remote,42348099999"
rajasthan,2014-10-01,95.1,76,86.4,95.8,76,87.1,62.5,46.3,0,0,0,,0,0,18.3,8.1,294.1,1013.5,21.4,2.4,238.9,20.7,8,,2014-10-01T06:19:04,2014-10-01T18:13:37,0.25,Partially cloudy,Partly cloudy throughout the day.,partly-cloudy-day,"VIJP,remote,42348099999"
rajasthan,2014-10-02,96.9,80.7,88,96.4,82.4,88.3,60.8,41.1,0,0,0,,0,0,25.9,11.4,306.1,1013,16.3,1.9,213.8,18.4,8,,2014-10-02T06:19:32,2014-10-02T18:12:30,0.25,Clear,Clear conditions throughout the day.,clear-day,"VIJP,42348099999"
rajasthan,2014-10-03,96.9,78.9,87,95.3,78.9,86.8,59.7,41.3,0,0,0,,0,0,24.4,10.3,296.3,1011.5,6.3,2.1,239.1,20.7,8,,2014-10-03T06:20:01,2014-10-03T18:11:24,0.32,Clear,Clear conditions throughout the day.,clear-day,"VIJP,remote,42348099999"
rajasthan,2014-10-04,96.9,80.7,87.2,95.9,81.5,87,59.4,40.3,0,0,0,,0,0,24.6,12.1,297,1011.7,5.3,2.1,220.5,19.2,8,,2014-10-04T06:20:29,2014-10-04T18:10:18,0.35,Clear,Clear conditions throughout the day.,clear-day,"VIJP,remote,42348099999"
rajasthan,2014-10-05,98.7,80.6,88.5,96.6,80.9,87.3,55.9,34.3,0,0,0,,0,0,23.9,9.2,307.8,1013.2,8.9,2.1,234.9,20.5,8,,2014-10-05T06:20:58,2014-10-05T18:09:13,0.39,Clear,Clear conditions throughout the day.,clear-day,"VIJP,remote,42348099999"
rajasthan,2014-10-06,96.9,72.9,87,94.7,72.9,85.6,55,35.7,0,0,0,,0,0,19.7,9.2,339.6,1012.8,3.9,2.2,239,20.7,8,,2014-10-06T06:21:27,2014-10-06T18:08:08,0.42,Clear,Clear conditions throughout the day.,clear-day,"VIJP,remote,42348099999"
rajasthan,2014-10-07,96.9,77,85.9,95.9,77,85.9,60.2,43.5,0.004,100,4.17,rain,0,0,14.1,5.8,117.2,1010.5,7.1,2,226.7,19.7,8,,2014-10-07T06:21:56,2014-10-07T18:07:03,0.46,Rain,Clear conditions throughout the day with late afternoon rain.,rain,"VIJP,remote,42348099999"
rajasthan,2014-10-08,95.1,77.1,85.2,101.6,77.1,87.2,65.3,53.4,0.012,100,4.17,rain,0,0,15,13.9,81.3,1011.3,24.3,1.7,215.7,18.5,8,,2014-10-08T06:22:26,2014-10-08T18:05:59,0.5,"Rain, Partially cloudy",Partly cloudy throughout the day with late afternoon rain.,rain,"remote,42348099999"
rajasthan,2014-10-09,93.3,73.5,83.2,93.5,73.5,83.1,59.5,45.9,0,0,0,,0,0,14.3,12.8,41.4,1012.7,31.3,2.1,220.1,18.9,8,,2014-10-09T06:22:56,2014-10-09T18:04:56,0.53,Partially cloudy,Partly cloudy throughout the day.,partly-cloudy-day,"VIJP,42348099999"
rajasthan,2014-10-10,95.1,71.7,83.7,92,71.7,82.5,55.3,41.1,0,0,0,,0,0,13.4,5.8,325.8,1011.6,0,1.8,240.9,20.9,8,,2014-10-10T06:23:26,2014-10-10T18:03:53,0.56,Clear,Clear conditions throughout the day.,clear-day,"VIJP,42348099999"
rajasthan,2014-10-11,95.1,74.3,84.4,91.5,74.3,82.8,50.1,33.6,0,0,0,,0,0,13.2,8.1,0.4,1010.1,0,1.9,241.8,20.9,8,,2014-10-11T06:23:57,2014-10-11T18:02:50,0.59,Clear,Clear conditions throughout the day.,clear-day,"VIJP,remote,42348099999"
rajasthan,2014-10-12,93.6,73.5,82.5,91,73.5,81.4,52.4,37.5,0,0,0,,0,0,13.9,8.1,75,1010.5,0,1.6,240.8,20.8,8,,2014-10-12T06:24:28,2014-10-12T18:01:48,0.62,Clear,Clear conditions throughout the day.,clear-day,"VIJP,remote,42348099999"
rajasthan,2014-10-13,91.5,74.9,81.1,93.4,74.9,81.2,58,46.6,0,0,0,,0,0,24.2,12.7,78.6,1010.9,22.5,1.9,234,20.2,8,,2014-10-13T06:24:59,2014-10-13T18:00:47,0.66,Partially cloudy,Becoming cloudy in the afternoon.,partly-cloudy-day,"VIJP,remote,42348099999"
rajasthan,2014-10-14,86.1,71.7,78.2,87.6,71.7,78.9,67.1,69.8,0,0,0,,0,0,18.3,12.8,91.2,1011.4,56.5,1.9,176.6,15.3,6,,2014-10-14T06:25:31,2014-10-14T17:59:46,0.69,Partially cloudy,Partly cloudy throughout the day.,partly-cloudy-day,"VIJP,remote,42348099999"
rajasthan,2014-10-15,84.3,69.9,76.1,86.6,69.9,76.8,65.6,71.1,0.118,100,4.17,rain,0,0,15,12.8,78.4,1015.8,60,1.8,173.3,14.9,7,,2014-10-15T06:26:03,2014-10-15T17:58:47,0.72,"Rain, Partially cloudy",Partly cloudy throughout the day with late afternoon rain.,rain,"VIJP,42348099999"
rajasthan,2014-10-16,86.1,67.7,76.7,87.6,67.7,77.3,65.5,70.7,0.004,100,4.17,rain,0,0,14.5,6.9,46.1,1015.4,48.5,1.6,183,15.7,7,,2014-10-16T06:26:36,2014-10-16T17:57:47,0.75,"Rain, Partially cloudy",Partly cloudy throughout the day with early morning rain.,rain,"VIJP,remote,42348099999"
rajasthan,2014-10-17,87.9,68.1,77.8,85.8,68.1,77.3,55.8,48.1,0,0,0,,0,0,13.4,8.1,76,1015.4,21.3,1.7,225.7,19.4,8,,2014-10-17T06:27:09,2014-10-17T17:56:49,0.79,Partially cloudy,Partly cloudy throughout the day.,partly-cloudy-day,"VIJP,remote,42348099999"
rajasthan,2014-10-18,89.7,64.5,77.2,86.2,64.5,76.2,50.7,43.1,0,0,0,,0,0,11.6,5.8,321.2,1014.5,0,1.5,230.6,19.7,8,,2014-10-18T06:27:43,2014-10-18T17:55:51,0.82,Clear,Clear conditions throughout the day.,clear-day,"remote,42348099999"
rajasthan,2014-10-19,89.7,68.1,76.7,86.3,68.1,75.7,49.8,41.6,0,0,0,,0,0,12.1,8.1,24.7,1014.2,0,1.6,232.3,20.1,8,,2014-10-19T06:28:16,2014-10-19T17:54:55,0.85,Clear,Clear conditions throughout the day.,clear-day,"remote,42348099999"
rajasthan,2014-10-20,91.5,66.3,78.6,87.8,66.3,77.3,50.4,40.7,0,0,0,,0,0,11,5.8,272,1015.1,0,1.3,229.8,19.6,8,,2014-10-20T06:28:51,2014-10-20T17:53:59,0.88,Clear,Clear conditions throughout the day.,clear-day,"remote,42348099999"
rajasthan,2014-10-21,93.3,68.1,80.4,89.7,68.1,79.2,51.8,39.5,0,0,0,,0,0,11,5.8,212.6,1016.4,0,1.4,224.2,19.4,8,,2014-10-21T06:29:25,2014-10-21T17:53:04,0.91,Clear,Clear conditions throughout the day.,clear-day,"VIJP,remote,42348099999"
rajasthan,2014-10-22,93.3,68.1,81.8,89.9,68.1,80.2,51.2,37.6,0,0,0,,0,0,13.4,9.2,286.5,1016.6,17.1,1.4,209.1,18,8,,2014-10-22T06:30:01,2014-10-22T17:52:09,0.95,Clear,Clear conditions throughout the day.,clear-day,"VIJP,42348099999"
rajasthan,2014-10-23,95.1,69.9,83.1,91.4,69.9,81.8,52.7,37.7,0,0,0,,0,0,13.4,9.2,19.4,1014.7,46.4,1.3,203.7,17.6,8,,2014-10-23T06:30:36,2014-10-23T17:51:16,0.98,Partially cloudy,Partly cloudy throughout the day.,partly-cloudy-day,"VIJP,42348099999"
rajasthan,2014-10-24,93.3,74.4,82.9,90.2,74.4,81.9,53.9,37.9,0,0,0,,0,0,13.4,8.1,81.9,1013.3,71.7,1.5,189.5,16.4,7,,2014-10-24T06:31:12,2014-10-24T17:50:24,0,Partially cloudy,Partly cloudy throughout the day.,partly-cloudy-day,"VIJP,remote,42348099999"
rajasthan,2014-10-25,93.3,75.3,81.4,90.6,75.3,80.5,52.8,38.2,0.035,100,4.17,rain,0,0,14.1,13.9,100,1013.4,67.4,1.8,201.5,17.5,8,,2014-10-25T06:31:49,2014-10-25T17:49:32,0.05,"Rain, Partially cloudy",Partly cloudy throughout the day with afternoon rain.,rain,"VIJP,42348099999"
rajasthan,2014-10-26,87.9,69.2,78,86.7,69.2,77.7,57.4,50.4,0,0,0,,0,0,16.8,10.3,85.1,1015.9,7.7,1.6,190.3,16.5,7,,2014-10-26T06:32:26,2014-10-26T17:48:42,0.08,Clear,Clear conditions throughout the day.,clear-day,"VIJP,remote,42348099999"
rajasthan,2014-10-27,87.9,69.5,78.6,85.8,69.5,78,55.9,47.1,0,0,0,,0,0,14.1,5.8,154.7,1015.9,0.5,1.7,208.2,18,8,,2014-10-27T06:33:03,2014-10-27T17:47:53,0.12,Clear,Clear conditions throughout the day.,clear-day,"VIJP,remote,42348099999"
rajasthan,2014-10-28,91.5,68.1,78.5,88.5,68.1,77.7,54.1,45.9,0,0,0,,0,0,16.1,10.3,227.7,1014.1,7.4,1.7,198.2,17.2,8,,2014-10-28T06:33:41,2014-10-28T17:47:04,0.16,Clear,Clear conditions throughout the day.,clear-day,"VIJP,remote,42348099999"
rajasthan,2014-10-29,89.7,68.1,77.9,87.5,68.1,77.2,54.2,45.9,0,0,0,,0,0,15.9,9.2,318.2,1014.4,62.5,1.8,201.2,17.5,8,,2014-10-29T06:34:20,2014-10-29T17:46:17,0.19,Partially cloudy,Partly cloudy throughout the day.,partly-cloudy-day,"VIJP,remote,42348099999"
rajasthan,2014-10-30,91.5,62.5,78,88,62.5,77.1,52.7,44.7,0,0,0,,0,0,15.4,8.1,289.5,1013.8,50.1,1.3,186.5,16.2,7,,2014-10-30T06:34:58,2014-10-30T17:45:31,0.23,Partially cloudy,Partly cloudy throughout the day.,partly-cloudy-day,"VIJP,remote,42348099999"
rajasthan,2014-10-31,86.1,71.1,78.4,84.6,71.1,78.1,55.4,46.1,0,0,0,,0,0,13.2,5.8,8.1,1015.3,84.7,1.2,119.7,10.4,6,,2014-10-31T06:35:38,2014-10-31T17:44:46,0.25,Partially cloudy,Partly cloudy throughout the day.,partly-cloudy-day,"VIJP,remote,42348099999"
rajasthan,2014-11-01,84.3,67.9,76,81.8,67.9,75.6,52.9,47.1,0,0,0,,0,0,14.1,5.8,300,1016,70.4,1.2,128.6,11.2,5,,2014-11-01T06:36:17,2014-11-01T17:44:02,0.3,Partially cloudy,Partly cloudy throughout the day.,partly-cloudy-day,"VIJP,remote,42348099999"
rajasthan,2014-11-02,87.9,64.5,75.7,84.5,64.5,74.7,48.1,41.2,0,0,0,,0,0,13.6,6.9,286.2,1016.6,16.8,1.5,206.4,17.6,8,,2014-11-02T06:36:57,2014-11-02T17:43:20,0.33,Clear,Clear conditions throughout the day.,clear-day,"VIJP,remote,42348099999"
rajasthan,2014-11-03,89.7,64.8,77.6,86.3,64.8,76.5,50.1,40.5,0,0,0,,0,0,13.2,8.1,260.6,1015.9,17.6,1.4,196.4,17,7,,2014-11-03T06:37:38,2014-11-03T17:42:38,0.37,Clear,Clear conditions throughout the day.,clear-day,"remote,42348099999"
rajasthan,2014-11-04,87.9,65.4,78.5,85.8,65.4,77.9,53.4,43,0,0,0,,0,0,16.1,6.9,346.2,1014.3,29.6,1.5,180.3,15.7,7,,2014-11-04T06:38:19,2014-11-04T17:41:58,0.41,Partially cloudy,Partly cloudy throughout the day.,partly-cloudy-day,"remote,42348099999"
rajasthan,2014-11-05,89.6,65,78.1,86.9,65,77.1,53.1,45.4,0,0,0,,0,0,17.2,10.5,305.7,1014.6,12.5,1.6,201.9,17.5,7,,2014-11-05T06:39:00,2014-11-05T17:41:19,0.44,Clear,Clear conditions throughout the day.,clear-day,"VIJP,remote,42348099999"
rajasthan,2014-11-06,87.9,66.3,76.5,85.5,66.3,75.9,53.4,46.5,0,0,0,,0,0,19.5,7.8,288.2,1014.1,3.3,1.3,200.8,17.3,7,,2014-11-06T06:39:42,2014-11-06T17:40:42,0.48,Clear,Clear conditions throughout the day.,clear-day,"remote,42348099999"
rajasthan,2014-11-07,89.7,65.7,77.7,87.1,65.7,77,54.7,47.6,0,0,0,,0,0,14.3,6.9,285.2,1014.5,6.3,1.5,200.8,17.4,7,,2014-11-07T06:40:24,2014-11-07T17:40:05,0.5,Clear,Clear conditions throughout the day.,clear-day,"remote,42348099999"
rajasthan,2014-11-08,89.7,66.5,78.5,86.8,66.5,77.5,53.3,44.4,0,0,0,,0,0,12.8,5.8,276.7,1016.2,8.7,1.8,199.5,17.3,7,,2014-11-08T06:41:07,2014-11-08T17:39:31,0.54,Clear,Clear conditions throughout the day.,clear-day,"VIJP,remote,42348099999"
rajasthan,2014-11-09,87.9,65.6,77.7,86.2,65.6,77.1,55.4,47.9,0,0,0,,0,0,14.5,6.9,86.9,1017.3,12.7,1.7,188.6,16.2,7,,2014-11-09T06:41:50,2014-11-09T17:38:57,0.57,Clear,Clear conditions throughout the day.,clear-day,"VIJP,remote,42348099999"
rajasthan,2014-11-10,86.1,65.9,76.5,84.6,65.9,76,51,42.2,0,0,0,,0,0,13,6.9,28.4,1016,17.5,1.1,195.5,16.8,7,,2014-11-10T06:42:33,2014-11-10T17:38:25,0.61,Clear,Clear conditions throughout the day.,clear-day,"VIJP,remote,42348099999"
rajasthan,2014-11-11,86.1,62.7,74.1,83.5,62.7,73.5,47.2,40.3,0,0,0,,0,0,14.3,6.9,52.2,1015.4,0.5,1.3,189.8,16.4,7,,2014-11-11T06:43:17,2014-11-11T17:37:54,0.64,Clear,Clear conditions throughout the day.,clear-day,"VIJP,remote,42348099999"
rajasthan,2014-11-12,84.3,62.7,72.4,81.7,62.7,72,41.9,34.1,0,0,0,,0,0,11.9,6.9,57.3,1016.7,4.3,1.7,199.1,17.3,7,,2014-11-12T06:44:01,2014-11-12T17:37:24,0.67,Clear,Clear conditions throughout the day.,clear-day,"VIJP,remote,42348099999"
rajasthan,2014-11-13,84.3,58.2,71.4,81.8,58.2,70.8,43.7,38.4,0,0,0,,0,0,10.7,6.4,1.6,1017.5,29.3,1.4,188.5,16.4,7,,2014-11-13T06:44:45,2014-11-13T17:36:56,0.7,Partially cloudy,Clearing in the afternoon.,partly-cloudy-day,"VIJP,remote,42348099999"
rajasthan,2014-11-14,84.3,58.4,72.1,81.5,58.4,71.5,42.1,36.3,0,0,0,,0,0,14.5,6.9,338.8,1017.8,34.8,1.1,191.2,16.7,7,,2014-11-14T06:45:30,2014-11-14T17:36:30,0.75,Partially cloudy,Partly cloudy throughout the day.,partly-cloudy-day,"remote,42348099999"
rajasthan,2014-11-15,84.3,55.5,68.9,81.4,55.5,68.5,32.6,29,0,0,0,,0,0,11.4,4.7,351.7,1016.5,32.2,1.5,201.7,17.3,7,,2014-11-15T06:46:15,2014-11-15T17:36:05,0.77,Partially cloudy,Partly cloudy throughout the day.,partly-cloudy-day,"remote,42348099999"
rajasthan,2014-11-16,84.3,54.5,68.7,81.3,54.5,68,32.1,29.7,0,0,0,,0,0,9.8,4.7,22.4,1016.6,11.8,1.7,203,17.5,8,,2014-11-16T06:47:00,2014-11-16T17:35:41,0.8,Clear,Clear conditions throughout the day.,clear-day,"VIJP,remote,42348099999"
rajasthan,2014-11-17,83.3,49.9,67.2,80.6,48.6,66.6,36.1,36.4,0,0,0,,0,0,10.7,4.7,97.9,1017.2,0,1.7,200.8,17.4,7,,2014-11-17T06:47:45,2014-11-17T17:35:19,0.83,Clear,Clear conditions throughout the day.,clear-day,"VIJP,remote,42348099999"
rajasthan,2014-11-18,82.5,51.9,68,80,51.9,67.6,37,35.5,0,0,0,,0,0,10.1,8.1,186.6,1018.3,9.9,1.5,197.5,17.1,7,,2014-11-18T06:48:30,2014-11-18T17:34:58,0.86,Clear,Clear conditions throughout the day.,clear-day,"VIJP,remote,42348099999"
rajasthan,2014-11-19,82.5,52.6,67.6,80.1,52.6,67.2,39,40.1,0,0,0,,0,0,11.9,5.8,145.5,1017.7,0,1.5,193.9,16.9,7,,2014-11-19T06:49:16,2014-11-19T17:34:39,0.9,Clear,Clear conditions throughout the day.,clear-day,"VIJP,remote,42348099999"
rajasthan,2014-11-20,84.3,53.7,69.5,81.4,53.7,68.9,43.3,42.3,0,0,0,,0,0,12.3,6.9,236.5,1016.2,19.7,1.7,188.5,16.4,7,,2014-11-20T06:50:02,2014-11-20T17:34:22,0.93,Clear,Clear conditions throughout the day.,clear-day,"VIJP,remote,42348099999"
rajasthan,2014-11-21,84.3,53.9,70.6,81.3,53.9,70,40.3,38,0,0,0,,0,0,14.3,6.9,334.3,1015.3,36.3,1.6,190.8,16.6,7,,2014-11-21T06:50:47,2014-11-21T17:34:06,0.96,Partially cloudy,Partly cloudy throughout the day.,partly-cloudy-day,"VIJP,remote,42348099999"
rajasthan,2014-11-22,84.3,57.3,70.6,81.4,57.3,70,40.3,35.5,0,0,0,,0,0,13.2,6.9,218.8,1014.3,21.3,1.6,186,16,7,,2014-11-22T06:51:33,2014-11-22T17:33:51,0,Partially cloudy,Partly cloudy throughout the day.,partly-cloudy-day,"VIJP,42348099999"
rajasthan,2014-11-23,84.3,60.9,71.8,81.4,60.9,71.2,40.8,35.2,0,0,0,,0,0,12.5,8.1,41,1015.4,6.1,1.5,186,15.9,7,,2014-11-23T06:52:19,2014-11-23T17:33:38,0.03,Clear,Clear conditions throughout the day.,clear-day,"VIJP,remote,42348099999"
rajasthan,2014-11-24,82.5,57.2,69.5,80.1,57.2,69.2,38.2,33.8,0,0,0,,0,0,12.3,6.9,31.6,1016.5,6.7,1.5,188.7,16.3,7,,2014-11-24T06:53:05,2014-11-24T17:33:27,0.06,Clear,Clear conditions throughout the day.,clear-day,"VIJP,remote,42348099999"
rajasthan,2014-11-25,80.7,55.5,67.5,79,55.5,67.3,37.2,34.8,0,0,0,,0,0,11.4,5.8,22.8,1016.6,0,1.5,187,16.1,7,,2014-11-25T06:53:51,2014-11-25T17:33:17,0.1,Clear,Clear conditions throughout the day.,clear-day,"VIJP,remote,42348099999"
rajasthan,2014-11-26,82.5,57.3,68.7,80,57.3,68.2,35.6,33.6,0,0,0,,0,0,16.1,6.9,302.2,1013.3,0,1.4,186.5,16,7,,2014-11-26T06:54:37,2014-11-26T17:33:09,0.13,Clear,Clear conditions throughout the day.,clear-day,"remote,42348099999"
rajasthan,2014-11-27,86.1,55.7,70.6,82.7,55.7,69.9,39.8,35.4,0,0,0,,0,0,13,8.1,274.6,1012.8,0,1.4,182.1,15.9,7,,2014-11-27T06:55:22,2014-11-27T17:33:02,0.17,Clear,Clear conditions throughout the day.,clear-day,"remote,42348099999"
rajasthan,2014-11-28,87.9,59.1,72.2,84.8,59.1,71.6,49,46.7,0,0,0,,0,0,15,8.1,237.8,1013.8,0,1.4,178.2,15.2,7,,2014-11-28T06:56:08,2014-11-28T17:32:57,0.21,Clear,Clear conditions throughout the day.,clear-day,"VIJP,42348099999"
rajasthan,2014-11-29,86.1,61.6,73.1,84.3,61.6,72.7,55,55.7,0,0,0,,0,0,13.6,6.9,283.7,1014,10.5,1.9,171.1,14.6,7,,2014-11-29T06:56:53,2014-11-29T17:32:54,0.25,Clear,Clear conditions throughout the day.,clear-day,"remote,42348099999"
rajasthan,2014-11-30,84.3,61.1,72.9,82.1,61.1,72.2,50.8,50.2,0,0,0,,0,0,11.6,8.1,346.4,1014.8,11.9,1.8,177,15.2,7,,2014-11-30T06:57:39,2014-11-30T17:32:52,0.28,Clear,Clear conditions throughout the day.,clear-day,"remote,42348099999"
rajasthan,2014-12-01,84.3,59.4,70.3,81.5,59.4,69.9,45.4,45,0,0,0,,0,0,13.2,8.1,354,1016.1,9.9,1.5,180.2,15.5,7,,2014-12-01T06:58:23,2014-12-01T17:32:52,0.31,Clear,Clear conditions throughout the day.,clear-day,"VIJP,remote,42348099999"
rajasthan,2014-12-02,82.5,60.2,71.7,80.2,60.2,71.3,40.9,34.5,0,0,0,,0,0,16.3,10.3,323.5,1016.5,22.3,1.6,179.9,15.5,7,,2014-12-02T06:59:08,2014-12-02T17:32:53,0.35,Partially cloudy,Becoming cloudy in the afternoon.,partly-cloudy-day,"remote,42348099999"
rajasthan,2014-12-03,82.5,58.6,71.4,80.2,58.6,71,41.2,36.2,0,0,0,,0,0,19.2,8.6,319.3,1016.3,7.9,1.7,178.9,15.3,7,,2014-12-03T06:59:52,2014-12-03T17:32:56,0.38,Clear,Clear conditions throughout the day.,clear-day,"VIJP,remote,42348099999"
rajasthan,2014-12-04,84.3,57.3,71.7,81.7,57.3,71.1,42.7,38,0.079,100,4.17,rain,0,0,14.3,8.1,339.9,1017,16.6,1.7,178.3,15.3,7,,2014-12-04T07:00:36,2014-12-04T17:33:00,0.42,Rain,Clear conditions throughout the day with afternoon rain.,rain,"VIJP,remote,42348099999"
rajasthan,2014-12-05,82.5,60.9,70.5,80.2,60.9,70.2,41.6,37.8,0,0,0,,0,0,11.2,8.1,24.8,1018.5,25,1.4,179.5,15.5,7,,2014-12-05T07:01:20,2014-12-05T17:33:06,0.46,Partially cloudy,Partly cloudy throughout the day.,partly-cloudy-day,"remote,42348099999"
rajasthan,2014-12-06,82.5,53.5,67.6,80.1,53.5,67.4,42.8,44.3,0,0,0,,0,0,13.2,8.1,334.8,1018,32.5,1.6,179.7,15.5,7,,2014-12-06T07:02:03,2014-12-06T17:33:14,0.5,Partially cloudy,Partly cloudy throughout the day.,partly-cloudy-day,"VIJP,remote,42348099999"
rajasthan,2014-12-07,78.9,53.7,66.1,78.9,53.7,66.1,40.7,43.8,0,0,0,,0,0,13.4,6.4,329.5,1016.7,54.6,1.5,162.4,13.8,7,,2014-12-07T07:02:45,2014-12-07T17:33:23,0.52,Partially cloudy,Partly cloudy throughout the day.,partly-cloudy-day,"VIJP,remote,42348099999"
rajasthan,2014-12-08,80.7,50.8,65.9,78.9,50.8,65.8,37.3,40.3,0,0,0,,0,0,9.6,6.9,193.5,1016,45.6,1.4,169.4,14.6,6,,2014-12-08T07:03:27,2014-12-08T17:33:34,0.56,Partially cloudy,Partly cloudy throughout the day.,partly-cloudy-day,"VIJP,remote,42348099999"
rajasthan,2014-12-09,78.9,51.9,65.1,78.9,51.9,65.1,41.2,45.8,0,0,0,,0,0,8.1,4.7,283.3,1017,22.5,1.6,178.1,15.3,7,,2014-12-09T07:04:09,2014-12-09T17:33:46,0.59,Partially cloudy,Partly cloudy throughout the day.,partly-cloudy-day,"VIJP,remote,42348099999"
rajasthan,2014-12-10,75.3,54.1,64.1,75.3,54.1,64.1,42.1,46.4,0,0,0,,0,0,15.9,8.6,70.6,1017.7,23.3,1.5,176.2,15.4,7,,2014-12-10T07:04:49,2014-12-10T17:33:59,0.62,Partially cloudy,Partly cloudy throughout the day.,partly-cloudy-day,"VIJP,remote,42348099999"
rajasthan,2014-12-11,75.3,51.5,63.4,75.3,51.5,63.4,26.2,26.5,0,0,0,,0,0,12.5,8.1,56.6,1017.8,12,1.9,183.3,15.9,7,,2014-12-11T07:05:30,2014-12-11T17:34:14,0.65,Clear,Clear conditions throughout the day.,clear-day,"VIJP,remote,42348099999"
rajasthan,2014-12-12,69.9,51,61.3,69.9,51,61.3,31.9,34.1,0,0,0,,0,0,18.1,13.9,83.5,1016.8,41.8,1.7,133,11.6,6,,2014-12-12T07:06:09,2014-12-12T17:34:31,0.68,Partially cloudy,Partly cloudy throughout the day.,partly-cloudy-day,"VIJP,remote,42348099999"
rajasthan,2014-12-13,68.1,55.3,61.4,68.1,55.3,61.4,49.3,65.9,0.016,100,12.5,rain,0,0,19.7,17.2,94.4,1015.1,60,1.1,58.6,5.2,3,,2014-12-13T07:06:48,2014-12-13T17:34:49,0.72,"Rain, Partially cloudy",Partly cloudy throughout the day with a chance of rain throughout the day.,rain,"remote,42348099999"
rajasthan,2014-12-14,60.8,53.1,56.9,60.8,53.1,56.9,55.1,94,0.118,100,12.5,rain,0,0,14.8,10.3,83.5,1016.3,49.4,0.7,96.9,8.3,5,,2014-12-14T07:07:26,2014-12-14T17:35:08,0.75,"Rain, Partially cloudy",Partly cloudy throughout the day with rain.,rain,"VIJP,remote,42348099999"
rajasthan,2014-12-15,64.5,49.4,56.1,64.5,48.1,56,53.5,91.7,0,0,0,,0,0,15.7,5.8,327.9,1019.3,81.1,0.6,160.5,14,6,,2014-12-15T07:08:03,2014-12-15T17:35:29,0.78,Partially cloudy,Partly cloudy throughout the day.,fog,"VIJP,remote,42348099999"
rajasthan,2014-12-16,69.9,48.3,57.7,69.9,47.6,57.6,48.9,77.3,0,0,0,,0,0,12.5,5.1,357.6,1021.7,20.4,1.1,176.4,15.2,7,,2014-12-16T07:08:39,2014-12-16T17:35:51,0.81,Partially cloudy,Partly cloudy throughout the day.,partly-cloudy-day,"remote,42348099999"
rajasthan,2014-12-17,69.9,44.9,57,69.9,42.9,56.8,43.2,67.2,0,0,0,,0,0,12.8,6.9,320.6,1021.1,0,1.3,177.8,15.3,7,,2014-12-17T07:09:14,2014-12-17T17:36:15,0.85,Clear,Clear conditions throughout the day.,clear-day,"VIJP,remote,42348099999"
rajasthan,2014-12-18,69.9,44.7,57.5,69.9,44.7,57.5,40.7,58.2,0,0,0,,0,0,11.2,4.7,148.3,1021,29.8,1.4,173.2,14.9,7,,2014-12-18T07:09:48,2014-12-18T17:36:40,0.88,Partially cloudy,Partly cloudy throughout the day.,partly-cloudy-day,"VIJP,42348099999"
rajasthan,2014-12-19,73.4,46.5,58.8,73.4,46.5,58.7,41.1,55.9,0,0,0,,0,0,12.3,5.8,98.7,1021.8,49.9,1.3,139.9,12,6,,2014-12-19T07:10:22,2014-12-19T17:37:06,0.91,Partially cloudy,Partly cloudy throughout the day.,partly-cloudy-day,"VIJP,remote,42348099999"
